Date,Low,Open,Volume,High,Close,Adjusted Close
13-02-2014,245.0,245.0,306185.0,245.0,245.0,245.0
14-02-2014,230.0,231.5,123732.0,248.0,227.5,227.5
17-02-2014,230.0,234.25,4725.0,234.25,225.0,225.0
18-02-2014,210.6479949951172,210.6479949951172,2123.0,219.5,215.0,215.0
19-02-2014,219.5,219.5,65.0,219.5,215.0,215.0
20-02-2014,219.5,219.5,9759.0,219.5,215.0,215.0
21-02-2014,177.0,210.0,11259.0,210.0,197.5,197.5
24-02-2014,200.0,201.25,3929.0,201.25,197.5,197.5
25-02-2014,190.14999389648438,190.14999389648438,1379.0,202.75,197.5,197.5
26-02-2014,204.6999969482422,204.6999969482422,1000.0,204.6999969482422,197.5,197.5
27-02-2014,202.75,202.75,1027.0,202.75,197.5,197.5
28-02-2014,204.13800048828125,204.13800048828125,5592.0,204.25,197.5,197.5
03-03-2014,204.0,204.0,1152.0,204.0,197.5,197.5
04-03-2014,204.25,204.25,489.0,204.25,197.5,197.5
05-03-2014,190.0,190.0,21.0,190.0,197.5,197.5
06-03-2014,204.25,204.25,724.0,204.25,197.5,197.5
07-03-2014,197.5,197.5,0.0,197.5,197.5,197.5
10-03-2014,197.5,197.5,0.0,197.5,197.5,197.5
11-03-2014,190.0,190.0,1039.0,190.0,197.5,197.5
12-03-2014,197.5,197.5,0.0,197.5,197.5,197.5
13-03-2014,183.0,204.25,6581.0,204.25,192.5,192.5
14-03-2014,199.25,199.25,44.0,199.25,192.5,192.5
17-03-2014,192.5,192.5,0.0,192.5,192.5,192.5
18-03-2014,192.5,192.5,0.0,192.5,192.5,192.5
19-03-2014,185.0,185.0,1152.0,185.0,192.5,192.5
20-03-2014,193.25,197.0,497.0,197.0,192.5,192.5
21-03-2014,185.14999389648438,193.25,28403.0,200.0,192.5,192.5
24-03-2014,195.5,195.5,8308.0,197.0,192.5,192.5
25-03-2014,187.0,187.0,10000.0,187.0,192.5,192.5
26-03-2014,192.5,192.5,0.0,192.5,192.5,192.5
27-03-2014,192.5,192.5,0.0,192.5,192.5,192.5
28-03-2014,187.0,187.0,10000.0,187.0,192.5,192.5
31-03-2014,192.5,192.5,0.0,192.5,192.5,192.5
01-04-2014,195.5,195.5,100.0,195.5,192.5,192.5
02-04-2014,192.5,192.5,0.0,192.5,192.5,192.5
03-04-2014,195.5,195.5,1011.0,195.5,192.5,192.5
04-04-2014,185.14999389648438,185.14999389648438,10713.0,195.5,192.5,192.5
07-04-2014,204.85000610351562,204.85000610351562,43.0,204.85000610351562,197.5,197.5
08-04-2014,197.5,197.5,0.0,197.5,197.5,197.5
09-04-2014,197.5,197.5,0.0,197.5,197.5,197.5
10-04-2014,190.0,190.0,125.0,190.0,197.5,197.5
11-04-2014,197.5,197.5,0.0,197.5,197.5,197.5
14-04-2014,193.0,193.0,250.0,193.0,197.5,197.5
15-04-2014,202.75,202.75,150.0,202.75,197.5,197.5
16-04-2014,197.5,197.5,0.0,197.5,197.5,197.5
17-04-2014,197.5,197.5,0.0,197.5,197.5,197.5
22-04-2014,202.0,202.0,529.0,202.0,197.5,197.5
23-04-2014,202.0,202.0,543.0,202.0,197.5,197.5
24-04-2014,202.0,202.0,50.0,202.0,197.5,197.5
25-04-2014,197.5,197.5,0.0,197.5,197.5,197.5
28-04-2014,202.0,202.0,977.0,202.75,197.5,197.5
29-04-2014,197.5,197.5,0.0,197.5,197.5,197.5
30-04-2014,197.5,197.5,0.0,197.5,197.5,197.5
01-05-2014,197.5,197.5,0.0,197.5,197.5,197.5
02-05-2014,202.0,202.0,10224.0,205.0,197.5,197.5
06-05-2014,203.0,203.0,3390.0,203.0,197.5,197.5
07-05-2014,200.0,200.0,10000.0,200.0,197.5,197.5
08-05-2014,203.0,203.0,3116.0,203.0,197.5,197.5
09-05-2014,197.5,197.5,0.0,197.5,197.5,197.5
12-05-2014,203.35000610351562,203.35000610351562,43.0,203.35000610351562,197.5,197.5
13-05-2014,197.5,197.5,0.0,197.5,197.5,197.5
14-05-2014,197.5,197.5,0.0,197.5,197.5,197.5
15-05-2014,197.5,197.5,0.0,197.5,197.5,197.5
16-05-2014,193.97500610351562,193.97500610351562,868.0,199.5,195.0,195.0
19-05-2014,199.5,199.5,500.0,199.5,195.0,195.0
20-05-2014,199.0,199.5,3298.0,199.5,195.0,195.0
21-05-2014,197.0,197.0,1269.0,197.0,195.0,195.0
22-05-2014,196.0,196.0,516.0,196.0,195.0,195.0
23-05-2014,197.0,197.0,100.0,197.0,197.0,197.0
27-05-2014,190.0,190.0,318.0,190.0,195.0,195.0
28-05-2014,196.0,196.0,510.0,196.0,195.0,195.0
29-05-2014,195.0,195.0,0.0,195.0,195.0,195.0
30-05-2014,195.0,195.0,0.0,195.0,195.0,195.0
02-06-2014,190.0,190.0,1066.0,190.0,192.5,192.5
03-06-2014,192.25,192.25,5000.0,192.25,192.5,192.5
04-06-2014,190.0,190.0,65.0,190.0,192.5,192.5
05-06-2014,192.5,192.5,0.0,192.5,192.5,192.5
06-06-2014,190.0,190.0,538.0,190.0,191.5,191.5
09-06-2014,175.0,187.0,2227.0,187.0,186.5,186.5
10-06-2014,185.1999969482422,185.1999969482422,2000.0,185.1999969482422,186.5,186.5
11-06-2014,183.0,185.0,2714.0,185.0,186.5,186.5
12-06-2014,186.5,186.5,0.0,186.5,186.5,186.5
13-06-2014,186.5,186.5,0.0,186.5,186.5,186.5
16-06-2014,186.5,186.5,0.0,186.5,186.5,186.5
17-06-2014,182.0,182.0,549.0,182.0,186.5,186.5
18-06-2014,186.5,186.5,0.0,186.5,186.5,186.5
19-06-2014,186.5,186.5,0.0,186.5,186.5,186.5
20-06-2014,186.5,186.5,0.0,186.5,186.5,186.5
23-06-2014,184.8000030517578,184.8000030517578,51.0,184.8000030517578,186.5,186.5
24-06-2014,184.8000030517578,184.8000030517578,184.0,184.8000030517578,186.5,186.5
25-06-2014,180.0,180.0,30.0,180.0,186.5,186.5
26-06-2014,186.5,186.5,0.0,186.5,186.5,186.5
27-06-2014,186.5,186.5,0.0,186.5,186.5,186.5
30-06-2014,186.5,186.5,0.0,186.5,186.5,186.5
01-07-2014,186.5,186.5,0.0,186.5,186.5,186.5
02-07-2014,186.5,186.5,0.0,186.5,186.5,186.5
03-07-2014,186.5,186.5,0.0,186.5,186.5,186.5
04-07-2014,186.5,186.5,0.0,186.5,186.5,186.5
07-07-2014,186.5,186.5,0.0,186.5,186.5,186.5
08-07-2014,186.5,186.5,0.0,186.5,186.5,186.5
09-07-2014,182.14500427246094,182.14500427246094,100.0,182.14500427246094,186.5,186.5
10-07-2014,184.8000030517578,184.8000030517578,156.0,184.8000030517578,186.5,186.5
11-07-2014,186.5,186.5,0.0,186.5,186.5,186.5
14-07-2014,180.7689971923828,180.7689971923828,494.0,181.1719970703125,186.5,186.5
15-07-2014,186.5,186.5,0.0,186.5,186.5,186.5
16-07-2014,186.5,186.5,0.0,186.5,186.5,186.5
17-07-2014,182.14500427246094,182.14500427246094,18.0,182.14500427246094,186.5,186.5
18-07-2014,186.5,186.5,0.0,186.5,186.5,186.5
21-07-2014,180.0,186.5,900.0,180.0,186.5,186.5
22-07-2014,186.5,186.5,0.0,186.5,186.5,186.5
23-07-2014,186.5,186.5,0.0,186.5,186.5,186.5
24-07-2014,186.5,186.5,0.0,186.5,186.5,186.5
25-07-2014,180.0,180.0,1300.0,180.0,186.5,186.5
28-07-2014,186.5,186.5,0.0,186.5,186.5,186.5
29-07-2014,184.8000030517578,184.8000030517578,6.0,184.8000030517578,186.5,186.5
30-07-2014,186.5,186.5,0.0,186.5,186.5,186.5
31-07-2014,186.5,186.5,0.0,186.5,186.5,186.5
01-08-2014,184.8000030517578,184.8000030517578,421.0,184.8000030517578,186.5,186.5
04-08-2014,186.5,186.5,0.0,186.5,186.5,186.5
05-08-2014,180.0,180.0,843.0,180.0,185.5,185.5
06-08-2014,185.5,185.5,0.0,185.5,185.5,185.5
07-08-2014,183.53900146484375,183.53900146484375,6.0,183.53900146484375,185.5,185.5
08-08-2014,185.5,185.5,0.0,185.5,185.5,185.5
11-08-2014,185.5,185.5,0.0,185.5,185.5,185.5
12-08-2014,185.5,185.5,0.0,185.5,185.5,185.5
13-08-2014,185.5,185.5,0.0,185.5,185.5,185.5
14-08-2014,172.0,172.0,3153.0,172.0,184.0,184.0
15-08-2014,184.0,184.0,0.0,184.0,184.0,184.0
18-08-2014,184.0,184.0,0.0,184.0,184.0,184.0
19-08-2014,184.0,184.0,0.0,184.0,184.0,184.0
20-08-2014,184.0,184.0,0.0,184.0,184.0,184.0
21-08-2014,175.0,175.0,512.0,175.0,184.0,184.0
22-08-2014,184.0,184.0,0.0,184.0,184.0,184.0
26-08-2014,176.18699645996094,176.18699645996094,319.0,176.18699645996094,184.0,184.0
27-08-2014,184.0,184.0,0.0,184.0,184.0,184.0
28-08-2014,181.64599609375,181.64599609375,2744.0,181.64599609375,184.0,184.0
29-08-2014,180.51100158691406,180.51100158691406,550.0,180.51100158691406,184.0,184.0
01-09-2014,184.0,184.0,0.0,184.0,184.0,184.0
02-09-2014,184.0,184.0,0.0,184.0,184.0,184.0
03-09-2014,176.61000061035156,176.61000061035156,149.0,176.61000061035156,184.0,184.0
04-09-2014,184.0,184.0,0.0,184.0,184.0,184.0
05-09-2014,181.64599609375,181.64599609375,285.0,181.64599609375,184.0,184.0
08-09-2014,184.0,184.0,0.0,184.0,184.0,184.0
09-09-2014,176.97999572753906,176.97999572753906,50.0,176.97999572753906,184.0,184.0
10-09-2014,184.0,184.0,0.0,184.0,184.0,184.0
11-09-2014,184.0,184.0,0.0,184.0,184.0,184.0
12-09-2014,184.0,184.0,0.0,184.0,184.0,184.0
15-09-2014,184.0,184.0,0.0,184.0,184.0,184.0
16-09-2014,184.0,184.0,0.0,184.0,184.0,184.0
17-09-2014,184.0,184.0,0.0,184.0,184.0,184.0
18-09-2014,184.0,184.0,0.0,184.0,184.0,184.0
19-09-2014,184.0,184.0,0.0,184.0,184.0,184.0
22-09-2014,184.0,184.0,0.0,184.0,184.0,184.0
23-09-2014,184.0,184.0,0.0,184.0,184.0,184.0
24-09-2014,184.0,184.0,0.0,184.0,184.0,184.0
25-09-2014,184.0,184.0,0.0,184.0,184.0,184.0
26-09-2014,184.0,184.0,0.0,184.0,184.0,184.0
29-09-2014,168.49899291992188,180.0,1233.0,168.49899291992188,180.0,180.0
30-09-2014,180.0,180.0,0.0,180.0,180.0,180.0
01-10-2014,170.0,170.0,1034.0,170.0,175.0,175.0
02-10-2014,175.0,175.0,0.0,175.0,175.0,175.0
03-10-2014,175.0,175.0,0.0,175.0,175.0,175.0
06-10-2014,166.10000610351562,175.0,288.0,166.10000610351562,175.0,175.0
07-10-2014,175.0,175.0,0.0,175.0,175.0,175.0
08-10-2014,175.0,175.0,0.0,175.0,175.0,175.0
09-10-2014,175.0,175.0,0.0,175.0,175.0,175.0
10-10-2014,175.0,175.0,0.0,175.0,175.0,175.0
13-10-2014,175.0,175.0,0.0,175.0,175.0,175.0
14-10-2014,175.0,175.0,0.0,175.0,175.0,175.0
15-10-2014,175.0,175.0,0.0,175.0,175.0,175.0
16-10-2014,175.0,175.0,0.0,175.0,175.0,175.0
17-10-2014,175.0,175.0,0.0,175.0,175.0,175.0
20-10-2014,175.0,175.0,0.0,175.0,175.0,175.0
21-10-2014,175.0,175.0,0.0,175.0,175.0,175.0
22-10-2014,175.0,175.0,0.0,175.0,175.0,175.0
23-10-2014,175.0,175.0,0.0,175.0,175.0,175.0
24-10-2014,165.0,165.0,500.0,165.0,175.0,175.0
27-10-2014,175.0,175.0,0.0,175.0,175.0,175.0
28-10-2014,175.0,175.0,0.0,175.0,175.0,175.0
29-10-2014,170.0,170.0,15.0,170.0,175.0,175.0
30-10-2014,175.0,175.0,0.0,175.0,175.0,175.0
31-10-2014,175.0,175.0,0.0,175.0,175.0,175.0
03-11-2014,175.0,175.0,0.0,175.0,175.0,175.0
04-11-2014,175.0,175.0,0.0,175.0,175.0,175.0
05-11-2014,175.0,175.0,0.0,175.0,175.0,175.0
06-11-2014,168.5,168.5,3500.0,168.5,175.0,175.0
07-11-2014,175.0,175.0,0.0,175.0,175.0,175.0
10-11-2014,175.0,175.0,0.0,175.0,175.0,175.0
11-11-2014,175.0,175.0,0.0,175.0,175.0,175.0
12-11-2014,161.0,161.0,1748.0,161.0,175.0,175.0
13-11-2014,175.0,175.0,0.0,175.0,175.0,175.0
14-11-2014,165.0,165.0,100.0,165.0,172.5,172.5
17-11-2014,161.0,161.0,3498.0,166.25,172.5,172.5
18-11-2014,164.0,164.0,60.0,164.0,172.5,172.5
19-11-2014,172.5,172.5,0.0,172.5,172.5,172.5
20-11-2014,172.5,172.5,0.0,172.5,172.5,172.5
21-11-2014,177.125,177.125,2000.0,177.125,172.5,172.5
24-11-2014,172.5,172.5,0.0,172.5,172.5,172.5
25-11-2014,172.5,172.5,0.0,172.5,172.5,172.5
26-11-2014,160.0,160.5,3000.0,160.5,167.5,167.5
27-11-2014,167.5,167.5,0.0,167.5,167.5,167.5
28-11-2014,167.5,167.5,0.0,167.5,167.5,167.5
01-12-2014,167.5,167.5,0.0,167.5,167.5,167.5
02-12-2014,167.5,167.5,0.0,167.5,167.5,167.5
03-12-2014,167.5,167.5,0.0,167.5,167.5,167.5
04-12-2014,167.5,167.5,0.0,167.5,167.5,167.5
05-12-2014,167.5,167.5,0.0,167.5,167.5,167.5
08-12-2014,167.5,167.5,0.0,167.5,167.5,167.5
09-12-2014,167.5,167.5,0.0,167.5,167.5,167.5
10-12-2014,167.5,167.5,0.0,167.5,167.5,167.5
11-12-2014,173.5,173.5,1440.0,173.5,167.5,167.5
12-12-2014,173.5,173.5,200.0,173.5,167.5,167.5
15-12-2014,160.0,160.0,950.0,160.0,167.5,167.5
16-12-2014,167.5,167.5,0.0,167.5,167.5,167.5
17-12-2014,167.5,167.5,0.0,167.5,167.5,167.5
18-12-2014,167.5,167.5,0.0,167.5,167.5,167.5
19-12-2014,167.5,167.5,0.0,167.5,167.5,167.5
22-12-2014,167.5,167.5,0.0,167.5,167.5,167.5
23-12-2014,167.5,167.5,0.0,167.5,167.5,167.5
24-12-2014,,,,,,
29-12-2014,173.10499572753906,173.5,7200.0,173.5,167.5,167.5
30-12-2014,180.0,180.0,20036.0,190.0,177.5,177.5
31-12-2014,,,,,,
02-01-2015,177.5,177.5,0.0,177.5,177.5,177.5
05-01-2015,177.5,177.5,0.0,177.5,177.5,177.5
06-01-2015,190.0,190.0,1367.0,190.0,182.5,182.5
07-01-2015,182.5,182.5,0.0,182.5,182.5,182.5
08-01-2015,182.5,182.5,0.0,182.5,182.5,182.5
09-01-2015,182.5,182.5,0.0,182.5,182.5,182.5
12-01-2015,172.5,177.0,2000.0,177.0,182.5,182.5
13-01-2015,182.5,182.5,0.0,182.5,182.5,182.5
14-01-2015,182.5,182.5,0.0,182.5,182.5,182.5
15-01-2015,182.5,182.5,0.0,182.5,182.5,182.5
16-01-2015,182.5,182.5,0.0,182.5,182.5,182.5
19-01-2015,182.5,182.5,0.0,182.5,182.5,182.5
20-01-2015,185.0,185.0,0.0,185.0,185.0,185.0
21-01-2015,187.5,187.5,0.0,187.5,187.5,187.5
22-01-2015,187.5,187.5,0.0,187.5,187.5,187.5
23-01-2015,165.0,182.0,16421.0,182.0,185.0,185.0
26-01-2015,185.0,185.0,0.0,185.0,185.0,185.0
27-01-2015,185.0,185.0,0.0,185.0,185.0,185.0
28-01-2015,185.0,185.0,0.0,185.0,185.0,185.0
29-01-2015,185.0,185.0,0.0,185.0,185.0,185.0
30-01-2015,175.0,175.0,998.0,181.0,185.0,185.0
02-02-2015,175.0,181.0,23962.0,185.0,187.5,187.5
03-02-2015,187.5,187.5,0.0,187.5,187.5,187.5
04-02-2015,187.5,187.5,0.0,187.5,187.5,187.5
05-02-2015,187.5,187.5,0.0,187.5,187.5,187.5
06-02-2015,175.0,175.0,200.0,175.0,187.5,187.5
09-02-2015,187.5,187.5,0.0,187.5,187.5,187.5
10-02-2015,187.5,187.5,0.0,187.5,187.5,187.5
11-02-2015,175.0,175.0,724.0,175.0,187.5,187.5
12-02-2015,175.0,175.0,2008.0,175.0,182.5,182.5
13-02-2015,170.0,170.0,500.0,170.0,182.5,182.5
16-02-2015,182.5,182.5,0.0,182.5,182.5,182.5
17-02-2015,182.5,182.5,0.0,182.5,182.5,182.5
18-02-2015,182.0,182.0,2823.0,182.0,185.0,185.0
19-02-2015,185.0,185.0,0.0,185.0,185.0,185.0
20-02-2015,185.0,185.0,0.0,185.0,185.0,185.0
23-02-2015,175.0,175.0,1000.0,175.0,185.0,185.0
24-02-2015,185.0,185.0,0.0,185.0,185.0,185.0
25-02-2015,185.0,185.0,0.0,185.0,185.0,185.0
26-02-2015,185.0,185.0,0.0,185.0,185.0,185.0
27-02-2015,185.0,185.0,0.0,185.0,185.0,185.0
02-03-2015,185.0,185.0,0.0,185.0,185.0,185.0
03-03-2015,185.0,185.0,0.0,185.0,185.0,185.0
04-03-2015,185.0,185.0,0.0,185.0,185.0,185.0
05-03-2015,185.0,185.0,0.0,185.0,185.0,185.0
06-03-2015,185.0,185.0,0.0,185.0,185.0,185.0
09-03-2015,175.0,181.89999389648438,2978.0,181.89999389648438,185.0,185.0
10-03-2015,185.0,185.0,0.0,185.0,185.0,185.0
11-03-2015,185.0,185.0,0.0,185.0,185.0,185.0
12-03-2015,185.0,185.0,0.0,185.0,185.0,185.0
13-03-2015,185.0,185.0,0.0,185.0,185.0,185.0
16-03-2015,185.0,185.0,0.0,185.0,185.0,185.0
17-03-2015,185.0,185.0,0.0,185.0,185.0,185.0
18-03-2015,185.0,185.0,0.0,185.0,185.0,185.0
19-03-2015,185.0,185.0,0.0,185.0,185.0,185.0
20-03-2015,185.0,185.0,0.0,185.0,185.0,185.0
23-03-2015,185.0,185.0,0.0,185.0,185.0,185.0
24-03-2015,183.0,183.0,500.0,183.0,185.0,185.0
25-03-2015,185.0,185.0,0.0,185.0,185.0,185.0
26-03-2015,185.0,185.0,0.0,185.0,185.0,185.0
27-03-2015,185.0,185.0,0.0,185.0,185.0,185.0
30-03-2015,175.0,183.0,3982.0,183.0,185.0,185.0
31-03-2015,185.0,185.0,0.0,185.0,185.0,185.0
01-04-2015,185.0,185.0,0.0,185.0,185.0,185.0
02-04-2015,185.0,185.0,0.0,185.0,185.0,185.0
07-04-2015,175.0,175.0,703.0,175.0,185.0,185.0
08-04-2015,175.0,175.0,360.0,183.0,185.0,185.0
09-04-2015,185.0,185.0,0.0,185.0,185.0,185.0
10-04-2015,185.0,185.0,0.0,185.0,185.0,185.0
13-04-2015,185.0,185.0,0.0,185.0,185.0,185.0
14-04-2015,183.0,183.0,218.0,183.0,185.0,185.0
15-04-2015,170.0,170.0,4886.0,170.0,182.5,182.5
16-04-2015,182.5,182.5,0.0,182.5,182.5,182.5
17-04-2015,182.5,182.5,0.0,182.5,182.5,182.5
20-04-2015,182.5,182.5,0.0,182.5,182.5,182.5
21-04-2015,177.0,177.0,2788.0,177.0,182.5,182.5
22-04-2015,177.0,177.0,700.0,177.0,182.5,182.5
23-04-2015,182.5,182.5,0.0,182.5,182.5,182.5
24-04-2015,182.5,182.5,0.0,182.5,182.5,182.5
27-04-2015,182.5,182.5,0.0,182.5,182.5,182.5
28-04-2015,182.5,182.5,0.0,182.5,182.5,182.5
29-04-2015,170.25,170.25,304.0,170.25,182.5,182.5
30-04-2015,182.5,182.5,0.0,182.5,182.5,182.5
01-05-2015,182.5,182.5,0.0,182.5,182.5,182.5
05-05-2015,182.5,182.5,0.0,182.5,182.5,182.5
06-05-2015,177.0,177.0,10548.0,180.0,182.5,182.5
07-05-2015,175.0,180.0,36022.0,194.0,182.5,182.5
08-05-2015,195.0,195.0,6995.0,200.0,192.5,192.5
11-05-2015,213.0,220.0,11295.0,225.0,212.5,212.5
12-05-2015,205.0,225.0,17819.0,240.0,227.5,227.5
13-05-2015,227.5,227.5,10854.0,255.0,227.5,227.5
14-05-2015,225.0,225.0,561.0,225.0,232.5,232.5
15-05-2015,232.5,232.5,0.0,232.5,232.5,232.5
18-05-2015,217.0,230.0,24999.0,230.0,217.5,217.5
19-05-2015,228.0,228.0,2880.0,228.0,217.5,217.5
20-05-2015,217.5,217.5,0.0,217.5,217.5,217.5
21-05-2015,211.0,211.0,486.0,211.0,217.5,217.5
22-05-2015,227.0,227.0,1775.0,227.0,217.5,217.5
26-05-2015,217.5,217.5,0.0,217.5,217.5,217.5
27-05-2015,217.5,217.5,0.0,217.5,217.5,217.5
28-05-2015,215.0,215.0,4092.0,215.0,207.5,207.5
29-05-2015,201.0,215.0,8444.0,215.0,207.5,207.5
01-06-2015,205.0,220.0,48445.0,225.0,212.5,212.5
02-06-2015,205.0,208.0,11000.0,208.0,212.5,212.5
03-06-2015,212.5,212.5,0.0,212.5,212.5,212.5
04-06-2015,212.5,212.5,0.0,212.5,212.5,212.5
05-06-2015,212.5,212.5,0.0,212.5,212.5,212.5
08-06-2015,205.0,205.0,8000.0,205.0,212.5,212.5
09-06-2015,205.25,205.25,2755.0,225.0,212.5,212.5
10-06-2015,212.5,212.5,0.0,212.5,212.5,212.5
11-06-2015,212.5,212.5,0.0,212.5,212.5,212.5
12-06-2015,212.5,212.5,0.0,212.5,212.5,212.5
15-06-2015,205.0,210.0,30000.0,210.0,212.5,212.5
16-06-2015,212.5,212.5,0.0,212.5,212.5,212.5
17-06-2015,205.0,218.0,8113.0,218.0,212.5,212.5
18-06-2015,200.0,200.0,8129.0,200.75,212.5,212.5
19-06-2015,215.0,215.0,2506.0,218.0,212.5,212.5
22-06-2015,212.5,212.5,0.0,212.5,212.5,212.5
23-06-2015,212.5,212.5,0.0,212.5,212.5,212.5
24-06-2015,212.5,212.5,0.0,212.5,212.5,212.5
25-06-2015,200.0,218.0,24479.0,218.0,212.5,212.5
26-06-2015,212.5,212.5,0.0,212.5,212.5,212.5
29-06-2015,212.5,212.5,0.0,212.5,212.5,212.5
30-06-2015,212.5,212.5,0.0,212.5,212.5,212.5
01-07-2015,212.5,212.5,0.0,212.5,212.5,212.5
02-07-2015,212.5,212.5,0.0,212.5,212.5,212.5
03-07-2015,218.0,218.0,601.0,218.0,212.5,212.5
06-07-2015,218.0,218.0,2000.0,218.0,212.5,212.5
07-07-2015,212.5,212.5,0.0,212.5,212.5,212.5
08-07-2015,212.5,212.5,0.0,212.5,212.5,212.5
09-07-2015,212.5,212.5,0.0,212.5,212.5,212.5
10-07-2015,205.25,205.25,247.0,205.25,212.5,212.5
13-07-2015,212.5,212.5,0.0,212.5,212.5,212.5
14-07-2015,212.5,212.5,0.0,212.5,212.5,212.5
15-07-2015,212.5,212.5,0.0,212.5,212.5,212.5
16-07-2015,212.5,212.5,0.0,212.5,212.5,212.5
17-07-2015,218.0,218.0,3000.0,218.0,212.5,212.5
20-07-2015,212.5,212.5,0.0,212.5,212.5,212.5
21-07-2015,212.5,212.5,0.0,212.5,212.5,212.5
22-07-2015,212.5,212.5,0.0,212.5,212.5,212.5
23-07-2015,212.5,212.5,0.0,212.5,212.5,212.5
24-07-2015,205.0,218.0,11874.0,218.0,212.5,212.5
27-07-2015,212.5,212.5,0.0,212.5,212.5,212.5
28-07-2015,218.0,218.0,500.0,218.0,212.5,212.5
29-07-2015,212.5,212.5,0.0,212.5,212.5,212.5
30-07-2015,212.5,212.5,0.0,212.5,212.5,212.5
31-07-2015,212.5,212.5,0.0,212.5,212.5,212.5
03-08-2015,212.5,212.5,0.0,212.5,212.5,212.5
04-08-2015,212.5,212.5,0.0,212.5,212.5,212.5
05-08-2015,218.0,218.0,2000.0,218.0,212.5,212.5
06-08-2015,207.94000244140625,207.94000244140625,5507.0,217.0,212.5,212.5
07-08-2015,208.0,217.27499389648438,11000.0,217.27499389648438,217.5,217.5
10-08-2015,216.0,217.5,3883.0,217.5,217.5,217.5
11-08-2015,216.0,216.0,54860.0,222.5,222.5,222.5
12-08-2015,223.0,223.0,5375.0,223.0,222.5,222.5
13-08-2015,224.75,224.75,5500.0,225.0,222.5,222.5
14-08-2015,220.0,220.0,50000.0,220.0,222.5,222.5
17-08-2015,215.10000610351562,220.0,3000.0,220.0,220.0,220.0
18-08-2015,215.0,213.32000732421875,202250.0,222.5,222.5,222.5
19-08-2015,223.0,227.0,19000.0,227.0,223.0,223.0
20-08-2015,222.5,222.5,2000.0,222.5,225.0,225.0
21-08-2015,220.0,222.5,250.0,222.5,225.0,225.0
24-08-2015,225.0,225.0,0.0,225.0,225.0,225.0
25-08-2015,225.0,225.0,0.0,225.0,225.0,225.0
26-08-2015,228.10000610351562,228.10000610351562,2152.0,228.10000610351562,225.0,225.0
27-08-2015,225.0,225.0,0.0,225.0,225.0,225.0
28-08-2015,229.89999389648438,229.89999389648438,434.0,229.89999389648438,235.0,235.0
01-09-2015,229.1999969482422,229.1999969482422,204.0,240.0,235.0,235.0
02-09-2015,235.0,235.0,0.0,235.0,235.0,235.0
03-09-2015,235.0,235.0,0.0,235.0,235.0,235.0
04-09-2015,235.0,235.0,0.0,235.0,235.0,235.0
07-09-2015,235.0,235.0,0.0,235.0,235.0,235.0
08-09-2015,240.0,240.0,4000.0,240.0,235.0,235.0
09-09-2015,235.0,235.0,0.0,235.0,235.0,235.0
10-09-2015,232.0,254.25,47295.0,265.79998779296875,260.0,260.0
11-09-2015,265.0,265.0,4587.0,270.0,270.0,270.0
14-09-2015,255.0,265.0,5104.0,265.0,262.5,262.5
15-09-2015,262.5,262.5,0.0,262.5,262.5,262.5
16-09-2015,262.5,262.5,0.0,262.5,262.5,262.5
17-09-2015,255.0,256.5,2446.0,256.5,262.5,262.5
18-09-2015,256.5,256.5,456.0,256.5,262.5,262.5
21-09-2015,256.5450134277344,256.5450134277344,354.0,256.5450134277344,262.5,262.5
22-09-2015,262.5,262.5,0.0,262.5,262.5,262.5
23-09-2015,262.5,262.5,0.0,262.5,262.5,262.5
24-09-2015,262.5,262.5,0.0,262.5,262.5,262.5
25-09-2015,262.5,262.5,0.0,262.5,262.5,262.5
28-09-2015,262.5,262.5,0.0,262.5,262.5,262.5
29-09-2015,262.5,262.5,0.0,262.5,262.5,262.5
30-09-2015,262.5,262.5,0.0,262.5,262.5,262.5
01-10-2015,256.5,256.5,400.0,256.5,262.5,262.5
02-10-2015,255.0,255.0,1000.0,255.0,262.5,262.5
05-10-2015,262.5,262.5,0.0,262.5,262.5,262.5
06-10-2015,262.5,262.5,0.0,262.5,262.5,262.5
07-10-2015,262.5,262.5,25000.0,262.5,262.5,262.5
08-10-2015,262.5,262.5,0.0,262.5,262.5,262.5
09-10-2015,262.5,262.5,0.0,262.5,262.5,262.5
12-10-2015,262.5,262.5,0.0,262.5,262.5,262.5
13-10-2015,256.5,256.5,200.0,256.5,262.5,262.5
14-10-2015,262.5,262.5,0.0,262.5,262.5,262.5
15-10-2015,262.5,262.5,0.0,262.5,262.5,262.5
16-10-2015,256.5,256.5,370.0,256.5,262.5,262.5
19-10-2015,262.5,262.5,0.0,262.5,262.5,262.5
20-10-2015,262.5,262.5,0.0,262.5,262.5,262.5
21-10-2015,262.5,262.5,0.0,262.5,262.5,262.5
22-10-2015,262.5,262.5,0.0,262.5,262.5,262.5
23-10-2015,260.0,260.0,20000.0,260.0,262.5,262.5
26-10-2015,262.5,262.5,0.0,262.5,262.5,262.5
27-10-2015,262.5,262.5,0.0,262.5,262.5,262.5
28-10-2015,262.5,262.5,0.0,262.5,262.5,262.5
29-10-2015,262.5,262.5,0.0,262.5,262.5,262.5
30-10-2015,255.75,255.75,395.0,255.75,262.5,262.5
02-11-2015,262.5,262.5,0.0,262.5,262.5,262.5
03-11-2015,262.5,262.5,0.0,262.5,262.5,262.5
04-11-2015,262.0,262.0,2108.0,270.0,262.5,262.5
05-11-2015,255.75,255.75,284.0,255.75,262.5,262.5
06-11-2015,262.5,262.5,0.0,262.5,262.5,262.5
09-11-2015,262.5,262.5,0.0,262.5,262.5,262.5
10-11-2015,262.5,262.5,0.0,262.5,262.5,262.5
11-11-2015,262.5,262.5,0.0,262.5,262.5,262.5
12-11-2015,262.5,262.5,0.0,262.5,262.5,262.5
13-11-2015,262.5,262.5,0.0,262.5,262.5,262.5
16-11-2015,262.5,262.5,0.0,262.5,262.5,262.5
17-11-2015,255.74200439453125,255.74200439453125,501.0,255.74200439453125,262.5,262.5
18-11-2015,262.5,262.5,0.0,262.5,262.5,262.5
19-11-2015,262.5,262.5,0.0,262.5,262.5,262.5
20-11-2015,262.5,262.5,0.0,262.5,262.5,262.5
23-11-2015,261.79998779296875,261.79998779296875,380.0,261.79998779296875,262.5,262.5
24-11-2015,262.5,262.5,0.0,262.5,262.5,262.5
25-11-2015,262.5,262.5,0.0,262.5,262.5,262.5
26-11-2015,262.5,262.5,0.0,262.5,262.5,262.5
27-11-2015,261.0,261.0,1527.0,261.0,262.5,262.5
30-11-2015,262.5,262.5,0.0,262.5,262.5,262.5
01-12-2015,255.75,261.79998779296875,337.0,261.79998779296875,262.5,262.5
02-12-2015,262.5,262.5,0.0,262.5,262.5,262.5
03-12-2015,264.0,264.0,1750.0,264.0,262.5,262.5
04-12-2015,262.5,262.5,0.0,262.5,262.5,262.5
07-12-2015,262.5,262.5,0.0,262.5,262.5,262.5
08-12-2015,255.0,255.0,1537.0,255.0,262.5,262.5
09-12-2015,255.0,255.0,1952.0,255.0,262.5,262.5
10-12-2015,262.5,262.5,0.0,262.5,262.5,262.5
11-12-2015,255.0,255.0,1940.0,255.0,262.5,262.5
14-12-2015,255.0,255.0,1940.0,255.0,262.5,262.5
15-12-2015,255.0,255.0,8127.0,259.0,262.5,262.5
16-12-2015,262.5,262.5,0.0,262.5,262.5,262.5
17-12-2015,255.0,255.0,904.0,255.0,262.5,262.5
18-12-2015,270.0,270.0,180.0,270.0,262.5,262.5
21-12-2015,259.0,259.0,3500.0,259.0,262.5,262.5
22-12-2015,262.5,262.5,0.0,262.5,262.5,262.5
23-12-2015,262.5,262.5,0.0,262.5,262.5,262.5
24-12-2015,,,,,,
29-12-2015,258.0,258.0,193.0,258.0,262.5,262.5
30-12-2015,262.5,262.5,0.0,262.5,262.5,262.5
31-12-2015,,,,,,
04-01-2016,262.5,262.5,0.0,262.5,262.5,262.5
05-01-2016,262.5,262.5,0.0,262.5,262.5,262.5
06-01-2016,258.0,258.0,1072.0,258.0,262.5,262.5
07-01-2016,262.5,262.5,0.0,262.5,262.5,262.5
08-01-2016,255.0,257.8999938964844,14656.0,257.8999938964844,262.5,262.5
11-01-2016,262.5,262.5,0.0,262.5,262.5,262.5
12-01-2016,250.0,250.0,5000.0,250.0,262.5,262.5
13-01-2016,275.0,275.0,0.0,275.0,275.0,275.0
14-01-2016,260.0,270.0,7959.0,270.0,272.5,272.5
15-01-2016,285.0,285.0,1190.0,285.0,272.5,272.5
18-01-2016,272.5,272.5,0.0,272.5,272.5,272.5
19-01-2016,266.25,266.25,1855.0,267.5,272.5,272.5
20-01-2016,272.5,272.5,0.0,272.5,272.5,272.5
21-01-2016,272.5,272.5,0.0,272.5,272.5,272.5
22-01-2016,272.5,272.5,0.0,272.5,272.5,272.5
25-01-2016,272.5,272.5,0.0,272.5,272.5,272.5
26-01-2016,272.5,272.5,0.0,272.5,272.5,272.5
27-01-2016,272.5,272.5,0.0,272.5,272.5,272.5
28-01-2016,272.5,272.5,0.0,272.5,272.5,272.5
29-01-2016,272.5,272.5,0.0,272.5,272.5,272.5
01-02-2016,266.25,266.25,1126.0,266.25,272.5,272.5
02-02-2016,272.5,272.5,0.0,272.5,272.5,272.5
03-02-2016,260.25,265.8999938964844,1790.0,265.8999938964844,272.5,272.5
04-02-2016,272.5,272.5,0.0,272.5,272.5,272.5
05-02-2016,285.0,285.0,1751.0,285.0,272.5,272.5
08-02-2016,260.0,265.19000244140625,1108.0,265.19000244140625,272.5,272.5
09-02-2016,285.0,285.0,1628.0,285.0,272.5,272.5
10-02-2016,272.5,272.5,0.0,272.5,272.5,272.5
11-02-2016,272.5,272.5,0.0,272.5,272.5,272.5
12-02-2016,267.5,267.5,0.0,267.5,267.5,267.5
15-02-2016,261.5,261.5,2000.0,261.5,267.5,267.5
16-02-2016,267.5,267.5,0.0,267.5,267.5,267.5
17-02-2016,267.5,267.5,0.0,267.5,267.5,267.5
18-02-2016,267.5,267.5,0.0,267.5,267.5,267.5
19-02-2016,260.1499938964844,260.1499938964844,240.0,260.1499938964844,267.5,267.5
22-02-2016,265.0,267.5,2650.0,265.0,267.5,267.5
23-02-2016,267.5,267.5,0.0,267.5,267.5,267.5
24-02-2016,267.5,267.5,0.0,267.5,267.5,267.5
25-02-2016,267.5,267.5,0.0,267.5,267.5,267.5
26-02-2016,267.5,267.5,0.0,267.5,267.5,267.5
29-02-2016,255.0,255.0,5000.0,255.0,267.5,267.5
01-03-2016,267.5,267.5,0.0,267.5,267.5,267.5
02-03-2016,255.0,260.0,5000.0,260.0,262.5,262.5
03-03-2016,262.5,262.5,0.0,262.5,262.5,262.5
04-03-2016,265.0,277.5,17560.0,288.0,277.5,277.5
07-03-2016,265.0,265.0,683000.0,265.5299987792969,277.5,277.5
08-03-2016,266.0,266.0,1900.0,266.0,277.5,277.5
09-03-2016,277.5,277.5,0.0,277.5,277.5,277.5
10-03-2016,265.0,265.0,213000.0,266.0,277.5,277.5
11-03-2016,277.5,277.5,0.0,277.5,277.5,277.5
14-03-2016,266.25,272.0,1910.0,272.0,277.5,277.5
15-03-2016,277.5,277.5,0.0,277.5,277.5,277.5
16-03-2016,277.5,277.5,0.0,277.5,277.5,277.5
17-03-2016,277.5,277.5,0.0,277.5,277.5,277.5
18-03-2016,265.0,265.0,40000.0,265.0,277.5,277.5
21-03-2016,277.5,277.5,0.0,277.5,277.5,277.5
22-03-2016,277.5,277.5,0.0,277.5,277.5,277.5
23-03-2016,282.5,282.5,0.0,282.5,282.5,282.5
24-03-2016,275.0,275.0,2500.0,282.5,282.5,282.5
29-03-2016,282.5,282.5,0.0,282.5,282.5,282.5
30-03-2016,275.0,275.0,1000.0,275.0,282.5,282.5
31-03-2016,270.0,270.0,2000.0,270.0,280.0,280.0
01-04-2016,280.0,280.0,0.0,280.0,280.0,280.0
04-04-2016,280.0,280.0,0.0,280.0,280.0,280.0
05-04-2016,280.0,280.0,0.0,280.0,280.0,280.0
06-04-2016,270.0,270.0,11281.0,284.8900146484375,282.5,282.5
07-04-2016,260.0,260.0,15000.0,260.0,282.5,282.5
08-04-2016,282.5,282.5,0.0,282.5,282.5,282.5
11-04-2016,270.0,270.0,1000.0,270.0,282.5,282.5
12-04-2016,282.5,282.5,0.0,282.5,282.5,282.5
13-04-2016,282.5,282.5,0.0,282.5,282.5,282.5
14-04-2016,282.5,282.5,0.0,282.5,282.5,282.5
15-04-2016,282.5,282.5,0.0,282.5,282.5,282.5
18-04-2016,282.5,282.5,0.0,282.5,282.5,282.5
19-04-2016,282.5,282.5,0.0,282.5,282.5,282.5
20-04-2016,282.5,282.5,0.0,282.5,282.5,282.5
21-04-2016,282.5,282.5,0.0,282.5,282.5,282.5
22-04-2016,282.5,282.5,0.0,282.5,282.5,282.5
25-04-2016,270.0,270.0,1000.0,270.0,282.5,282.5
26-04-2016,282.5,282.5,0.0,282.5,282.5,282.5
27-04-2016,295.0,295.0,1331.0,295.0,295.0,295.0
28-04-2016,282.5,282.5,0.0,282.5,282.5,282.5
29-04-2016,282.5,282.5,0.0,282.5,282.5,282.5
03-05-2016,282.5,282.5,0.0,282.5,282.5,282.5
04-05-2016,282.5,282.5,0.0,282.5,282.5,282.5
05-05-2016,282.5,282.5,0.0,282.5,282.5,282.5
06-05-2016,282.5,282.5,0.0,282.5,282.5,282.5
09-05-2016,282.5,282.5,0.0,282.5,282.5,282.5
10-05-2016,275.0,275.0,724.0,275.0,282.5,282.5
11-05-2016,282.5,282.5,0.0,282.5,282.5,282.5
12-05-2016,282.5,282.5,0.0,282.5,282.5,282.5
13-05-2016,271.25,271.25,950.0,271.25,282.5,282.5
16-05-2016,282.5,282.5,0.0,282.5,282.5,282.5
17-05-2016,282.5,282.5,0.0,282.5,282.5,282.5
18-05-2016,282.5,282.5,0.0,282.5,282.5,282.5
19-05-2016,282.5,282.5,0.0,282.5,282.5,282.5
20-05-2016,275.0,275.0,724.0,275.0,282.5,282.5
23-05-2016,282.5,282.5,0.0,282.5,282.5,282.5
24-05-2016,271.25,271.25,1000.0,271.25,282.5,282.5
25-05-2016,271.2749938964844,271.2749938964844,1000.0,271.2749938964844,282.5,282.5
26-05-2016,282.0,282.0,750.0,282.0,282.5,282.5
27-05-2016,270.25,270.25,191.0,270.25,282.5,282.5
31-05-2016,282.5,282.5,0.0,282.5,282.5,282.5
01-06-2016,255.0,255.0,15692.0,255.0,282.5,282.5
02-06-2016,282.5,282.5,0.0,282.5,282.5,282.5
03-06-2016,282.5,282.5,0.0,282.5,282.5,282.5
06-06-2016,270.0,270.0,1000.0,270.0,282.5,282.5
07-06-2016,274.8999938964844,274.8999938964844,3500.0,274.8999938964844,282.5,282.5
08-06-2016,270.0,270.0,1000.0,270.0,280.0,280.0
09-06-2016,280.0,280.0,0.0,280.0,280.0,280.0
10-06-2016,280.0,280.0,0.0,280.0,280.0,280.0
13-06-2016,280.0,280.0,0.0,280.0,280.0,280.0
14-06-2016,280.0,280.0,0.0,280.0,280.0,280.0
15-06-2016,280.0,280.0,0.0,280.0,280.0,280.0
16-06-2016,280.0,280.0,0.0,280.0,280.0,280.0
17-06-2016,280.0,280.0,0.0,280.0,280.0,280.0
20-06-2016,280.0,280.0,0.0,280.0,280.0,280.0
21-06-2016,280.0,280.0,0.0,280.0,280.0,280.0
22-06-2016,280.0,280.0,0.0,280.0,280.0,280.0
23-06-2016,280.0,280.0,0.0,280.0,280.0,280.0
24-06-2016,275.0,275.0,0.0,275.0,275.0,275.0
27-06-2016,275.0,275.0,0.0,275.0,275.0,275.0
28-06-2016,275.0,275.0,0.0,275.0,275.0,275.0
29-06-2016,275.0,275.0,0.0,275.0,275.0,275.0
30-06-2016,260.0,260.0,362.0,260.0,275.0,275.0
01-07-2016,275.0,275.0,0.0,275.0,275.0,275.0
04-07-2016,260.0,260.0,500.0,260.0,270.0,270.0
05-07-2016,270.0,270.0,0.0,270.0,270.0,270.0
06-07-2016,260.0,260.0,380.0,260.0,270.0,270.0
07-07-2016,264.0,264.0,378.0,264.0,270.0,270.0
08-07-2016,270.0,270.0,0.0,270.0,270.0,270.0
11-07-2016,270.0,270.0,0.0,270.0,270.0,270.0
12-07-2016,264.0,264.0,19.0,264.0,270.0,270.0
13-07-2016,267.0,267.0,2000.0,267.0,270.0,270.0
14-07-2016,260.0,266.0,3474.0,266.0,270.0,270.0
15-07-2016,266.0,266.0,375.0,266.0,270.0,270.0
18-07-2016,260.0,260.0,589.0,260.0,270.0,270.0
19-07-2016,270.0,270.0,0.0,270.0,270.0,270.0
20-07-2016,270.0,270.0,0.0,270.0,270.0,270.0
21-07-2016,270.0,270.0,0.0,270.0,270.0,270.0
22-07-2016,270.0,270.0,0.0,270.0,270.0,270.0
25-07-2016,270.0,270.0,50.0,270.0,270.0,270.0
26-07-2016,265.1679992675781,265.1679992675781,500.0,265.1679992675781,270.0,270.0
27-07-2016,270.0,270.0,0.0,270.0,270.0,270.0
28-07-2016,260.0,265.6000061035156,1511.0,265.6000061035156,270.0,270.0
29-07-2016,250.11000061035156,250.11000061035156,2000.0,250.11000061035156,270.0,270.0
01-08-2016,255.0,255.0,2450.0,255.0,265.0,265.0
02-08-2016,255.0,255.0,2.0,255.0,265.0,265.0
03-08-2016,255.0,255.0,387.0,255.0,265.0,265.0
04-08-2016,265.0,265.0,0.0,265.0,265.0,265.0
05-08-2016,265.0,265.0,0.0,265.0,265.0,265.0
08-08-2016,265.0,265.0,0.0,265.0,265.0,265.0
09-08-2016,255.0,255.0,2500.0,255.0,265.0,265.0
10-08-2016,265.0,265.0,0.0,265.0,265.0,265.0
11-08-2016,265.0,265.0,0.0,265.0,265.0,265.0
12-08-2016,259.95001220703125,259.95001220703125,3560.0,259.95001220703125,265.0,265.0
15-08-2016,255.0,255.0,26.0,255.0,265.0,265.0
16-08-2016,265.0,265.0,0.0,265.0,265.0,265.0
17-08-2016,265.0,265.0,0.0,265.0,265.0,265.0
18-08-2016,265.0,265.0,0.0,265.0,265.0,265.0
19-08-2016,265.0,265.0,0.0,265.0,265.0,265.0
22-08-2016,265.0,265.0,0.0,265.0,265.0,265.0
23-08-2016,265.0,265.0,0.0,265.0,265.0,265.0
24-08-2016,255.0,259.95001220703125,680.0,259.95001220703125,265.0,265.0
25-08-2016,265.0,265.0,0.0,265.0,265.0,265.0
26-08-2016,265.0,265.0,0.0,265.0,265.0,265.0
30-08-2016,265.0,265.0,0.0,265.0,265.0,265.0
31-08-2016,265.0,265.0,0.0,265.0,265.0,265.0
01-09-2016,265.0,265.0,0.0,265.0,265.0,265.0
02-09-2016,265.0,265.0,0.0,265.0,265.0,265.0
05-09-2016,265.0,265.0,0.0,265.0,265.0,265.0
06-09-2016,265.0,265.0,0.0,265.0,265.0,265.0
07-09-2016,265.0,265.0,0.0,265.0,265.0,265.0
08-09-2016,265.0,265.0,0.0,265.0,265.0,265.0
09-09-2016,265.0,265.0,0.0,265.0,265.0,265.0
12-09-2016,265.0,265.0,0.0,265.0,265.0,265.0
13-09-2016,265.0,265.0,0.0,265.0,265.0,265.0
14-09-2016,265.0,265.0,0.0,265.0,265.0,265.0
15-09-2016,250.0,250.0,2275.0,250.0,260.0,260.0
16-09-2016,250.0,250.0,990.0,250.0,260.0,260.0
19-09-2016,260.0,260.0,0.0,260.0,260.0,260.0
20-09-2016,260.0,260.0,0.0,260.0,260.0,260.0
21-09-2016,256.0,256.0,1550.0,259.95001220703125,265.0,265.0
22-09-2016,265.0,265.0,0.0,265.0,265.0,265.0
23-09-2016,265.0,265.0,0.0,265.0,265.0,265.0
26-09-2016,265.0,265.0,0.0,265.0,265.0,265.0
27-09-2016,265.0,265.0,0.0,265.0,265.0,265.0
28-09-2016,265.0,265.0,0.0,265.0,265.0,265.0
29-09-2016,265.0,265.0,0.0,265.0,265.0,265.0
30-09-2016,265.0,265.0,0.0,265.0,265.0,265.0
03-10-2016,265.0,265.0,0.0,265.0,265.0,265.0
04-10-2016,265.0,265.0,0.0,265.0,265.0,265.0
05-10-2016,259.95001220703125,259.95001220703125,2000.0,259.95001220703125,268.0,268.0
06-10-2016,268.0,268.0,0.0,268.0,268.0,268.0
07-10-2016,268.0,268.0,0.0,268.0,268.0,268.0
10-10-2016,268.0,268.0,0.0,268.0,268.0,268.0
11-10-2016,268.0,268.0,0.0,268.0,268.0,268.0
12-10-2016,268.0,268.0,0.0,268.0,268.0,268.0
13-10-2016,268.0,268.0,0.0,268.0,268.0,268.0
14-10-2016,268.0,268.0,0.0,268.0,268.0,268.0
17-10-2016,268.0,268.0,0.0,268.0,268.0,268.0
18-10-2016,268.0,268.0,0.0,268.0,268.0,268.0
19-10-2016,268.0,268.0,0.0,268.0,268.0,268.0
20-10-2016,245.0,245.0,2000.0,245.0,268.0,268.0
21-10-2016,264.0,264.0,281.0,264.0,268.0,268.0
24-10-2016,268.0,268.0,0.0,268.0,268.0,268.0
25-10-2016,268.0,268.0,0.0,268.0,268.0,268.0
26-10-2016,264.0,264.0,0.0,264.0,264.0,264.0
27-10-2016,264.0,264.0,0.0,264.0,264.0,264.0
28-10-2016,264.0,264.0,0.0,264.0,264.0,264.0
31-10-2016,250.0,258.0,13478.0,258.0,257.0,257.0
01-11-2016,254.5,254.5,1500.0,254.5,257.0,257.0
02-11-2016,257.0,257.0,0.0,257.0,257.0,257.0
03-11-2016,254.5,254.5,50.0,254.5,257.0,257.0
04-11-2016,252.0,252.0,724.0,252.0,257.0,257.0
07-11-2016,254.0,254.0,10000.0,254.0,257.0,257.0
08-11-2016,257.0,257.0,0.0,257.0,257.0,257.0
09-11-2016,255.0,255.0,0.0,255.0,255.0,255.0
10-11-2016,255.0,255.0,0.0,255.0,255.0,255.0
11-11-2016,255.0,255.0,0.0,255.0,255.0,255.0
14-11-2016,255.0,255.0,0.0,255.0,255.0,255.0
15-11-2016,255.0,255.0,0.0,255.0,255.0,255.0
16-11-2016,255.0,255.0,0.0,255.0,255.0,255.0
17-11-2016,255.0,255.0,0.0,255.0,255.0,255.0
18-11-2016,255.0,255.0,0.0,255.0,255.0,255.0
21-11-2016,248.0,250.10000610351562,3905.0,250.10000610351562,250.0,250.0
22-11-2016,250.0,250.0,0.0,250.0,250.0,250.0
23-11-2016,245.0,245.0,50.0,245.0,250.0,250.0
24-11-2016,250.0,265.0,40000.0,265.0,265.0,265.0
25-11-2016,250.5,250.5,10000.0,250.5,255.0,255.0
28-11-2016,250.0,250.0,30000.0,250.5,255.0,255.0
29-11-2016,250.5,250.5,14000.0,250.5,255.0,255.0
30-11-2016,255.0,255.0,0.0,255.0,255.0,255.0
01-12-2016,247.5,247.5,0.0,247.5,247.5,247.5
02-12-2016,242.25,242.25,1120.0,242.25,247.5,247.5
05-12-2016,247.5,247.5,0.0,247.5,247.5,247.5
06-12-2016,240.0,240.0,80000.0,240.47999572753906,247.5,247.5
07-12-2016,247.5,247.5,0.0,247.5,247.5,247.5
08-12-2016,247.5,247.5,0.0,247.5,247.5,247.5
09-12-2016,247.5,247.5,0.0,247.5,247.5,247.5
12-12-2016,252.5,252.75,4000.0,252.75,252.5,252.5
13-12-2016,259.8280029296875,259.8280029296875,14500.0,264.8500061035156,262.5,262.5
14-12-2016,256.71099853515625,256.71099853515625,2000.0,256.71099853515625,265.0,265.0
15-12-2016,262.5,262.5,0.0,262.5,262.5,262.5
16-12-2016,262.5,262.5,0.0,262.5,262.5,262.5
19-12-2016,245.0,256.5,19524.0,256.5,257.5,257.5
20-12-2016,257.5,257.5,0.0,257.5,257.5,257.5
21-12-2016,257.5,257.5,0.0,257.5,257.5,257.5
22-12-2016,257.5,257.5,0.0,257.5,257.5,257.5
23-12-2016,257.5,257.5,0.0,257.5,257.5,257.5
28-12-2016,257.5,257.5,0.0,257.5,257.5,257.5
29-12-2016,257.5,257.5,0.0,257.5,257.5,257.5
30-12-2016,257.5,257.5,0.0,257.5,257.5,257.5
03-01-2017,264.25,264.25,149.0,264.25,257.5,257.5
04-01-2017,257.5,257.5,0.0,257.5,257.5,257.5
05-01-2017,257.5,257.5,0.0,257.5,257.5,257.5
06-01-2017,257.5,257.5,0.0,257.5,257.5,257.5
09-01-2017,257.5,257.5,0.0,257.5,257.5,257.5
10-01-2017,257.5,257.5,0.0,257.5,257.5,257.5
11-01-2017,265.0,265.0,7000.0,270.9670104980469,267.5,267.5
12-01-2017,267.5,267.5,0.0,267.5,267.5,267.5
13-01-2017,270.0,275.0,19543.0,280.0,275.0,275.0
16-01-2017,272.1099853515625,272.1099853515625,1000.0,272.1099853515625,275.0,275.0
17-01-2017,277.5,277.5,0.0,277.5,277.5,277.5
18-01-2017,272.5,272.5,750.0,272.5,277.5,277.5
19-01-2017,277.5,277.5,0.0,277.5,277.5,277.5
20-01-2017,275.0,285.0,7083.0,285.0,277.5,277.5
23-01-2017,285.0,285.0,270.0,285.0,277.5,277.5
24-01-2017,277.5,277.5,0.0,277.5,277.5,277.5
25-01-2017,277.5,277.5,0.0,277.5,277.5,277.5
26-01-2017,277.5,277.5,0.0,277.5,277.5,277.5
27-01-2017,272.80999755859375,272.80999755859375,281.0,272.80999755859375,277.5,277.5
30-01-2017,272.80999755859375,272.80999755859375,724.0,272.80999755859375,277.5,277.5
31-01-2017,272.80999755859375,272.80999755859375,2348.0,272.80999755859375,277.5,277.5
01-02-2017,272.80999755859375,285.0,9141.0,285.0,277.5,277.5
02-02-2017,285.0,285.0,900.0,285.0,277.5,277.5
03-02-2017,272.80999755859375,272.80999755859375,1147.0,285.0,277.5,277.5
06-02-2017,285.0,285.0,877.0,285.0,277.5,277.5
07-02-2017,277.5,277.5,0.0,277.5,277.5,277.5
08-02-2017,277.5,277.5,0.0,277.5,277.5,277.5
09-02-2017,272.80999755859375,272.80999755859375,1210.0,273.1000061035156,277.5,277.5
10-02-2017,277.5,277.5,0.0,277.5,277.5,277.5
13-02-2017,277.5,277.5,0.0,277.5,277.5,277.5
14-02-2017,277.5,277.5,0.0,277.5,277.5,277.5
15-02-2017,277.5,277.5,0.0,277.5,277.5,277.5
16-02-2017,284.84600830078125,284.84600830078125,20.0,284.84600830078125,277.5,277.5
17-02-2017,277.5,277.5,0.0,277.5,277.5,277.5
20-02-2017,285.0,285.0,2156.0,285.0,277.5,277.5
21-02-2017,277.5,277.5,0.0,277.5,277.5,277.5
22-02-2017,277.5,277.5,0.0,277.5,277.5,277.5
23-02-2017,277.5,277.5,0.0,277.5,277.5,277.5
24-02-2017,285.0,285.0,171.0,285.0,277.5,277.5
27-02-2017,277.5,277.5,0.0,277.5,277.5,277.5
28-02-2017,267.5,267.5,0.0,267.5,267.5,267.5
01-03-2017,265.0,275.0,4318.0,275.0,267.5,267.5
02-03-2017,260.0,260.0,17543.0,274.0,272.5,272.5
03-03-2017,279.0,279.0,2500.0,279.0,277.5,277.5
06-03-2017,277.5,277.5,0.0,277.5,277.5,277.5
07-03-2017,270.0,270.0,1900.0,270.0,277.5,277.5
08-03-2017,277.5,277.5,0.0,277.5,277.5,277.5
09-03-2017,277.5,277.5,0.0,277.5,277.5,277.5
10-03-2017,277.5,277.5,54500.0,277.5,277.5,277.5
13-03-2017,280.0,280.0,1241.0,280.0,277.5,277.5
14-03-2017,277.5,277.5,0.0,277.5,277.5,277.5
15-03-2017,277.5,277.5,0.0,277.5,277.5,277.5
16-03-2017,275.0,280.0,11785.0,280.0,277.5,277.5
17-03-2017,277.5,277.5,0.0,277.5,277.5,277.5
20-03-2017,270.0,270.0,90000.0,277.5,277.5,277.5
21-03-2017,270.0,270.0,5500.0,270.0,277.5,277.5
22-03-2017,277.5,277.5,0.0,277.5,277.5,277.5
23-03-2017,270.75,270.75,550.0,270.75,277.5,277.5
24-03-2017,280.0,280.0,957.0,280.0,282.5,282.5
27-03-2017,275.0,275.0,100.0,275.0,282.5,282.5
28-03-2017,282.5,282.5,0.0,282.5,282.5,282.5
29-03-2017,282.5,282.5,0.0,282.5,282.5,282.5
30-03-2017,275.0,275.0,50.0,275.0,282.5,282.5
31-03-2017,282.5,282.5,10000.0,282.5,282.5,282.5
03-04-2017,282.5,282.5,0.0,282.5,282.5,282.5
04-04-2017,282.5,282.5,0.0,282.5,282.5,282.5
05-04-2017,282.5,282.5,0.0,282.5,282.5,282.5
06-04-2017,282.5,282.5,0.0,282.5,282.5,282.5
07-04-2017,275.0,275.0,1602.0,289.0,285.0,285.0
10-04-2017,290.0,290.0,5450.0,297.5,297.5,297.5
11-04-2017,290.0,290.0,500.0,290.0,297.5,297.5
12-04-2017,290.0,290.0,1560.0,290.0,297.5,297.5
13-04-2017,290.75,290.75,757.0,290.75,297.5,297.5
18-04-2017,290.0,290.0,20000.0,290.29998779296875,297.5,297.5
19-04-2017,297.5,297.5,0.0,297.5,297.5,297.5
20-04-2017,297.5,297.5,0.0,297.5,297.5,297.5
21-04-2017,290.75,290.75,500.0,290.75,297.5,297.5
24-04-2017,297.5,297.5,0.0,297.5,297.5,297.5
25-04-2017,297.5,297.5,0.0,297.5,297.5,297.5
26-04-2017,297.5,297.5,0.0,297.5,297.5,297.5
27-04-2017,302.489990234375,302.489990234375,800.0,302.489990234375,297.5,297.5
28-04-2017,297.5,297.5,0.0,297.5,297.5,297.5
02-05-2017,290.5,290.5,1720.0,290.5,297.5,297.5
03-05-2017,297.5,297.5,10000.0,297.5,300.0,300.0
04-05-2017,295.1099853515625,295.1099853515625,750.0,295.1099853515625,300.0,300.0
05-05-2017,295.1099853515625,295.1099853515625,678.0,295.1099853515625,300.0,300.0
08-05-2017,302.5,302.5,0.0,302.5,302.5,302.5
09-05-2017,302.5,302.5,0.0,302.5,302.5,302.5
10-05-2017,302.5,302.5,0.0,302.5,302.5,302.5
11-05-2017,302.5,302.5,15000.0,302.5,302.5,302.5
12-05-2017,302.5,302.5,10000.0,302.5,302.5,302.5
15-05-2017,296.5,296.5,28000.0,302.5,302.5,302.5
16-05-2017,302.5,302.5,0.0,302.5,302.5,302.5
17-05-2017,302.5,302.5,0.0,302.5,302.5,302.5
18-05-2017,302.5,302.5,12000.0,302.5,302.5,302.5
19-05-2017,302.5,302.5,0.0,302.5,302.5,302.5
22-05-2017,302.5,302.5,38000.0,302.5,302.5,302.5
23-05-2017,302.5,302.5,0.0,302.5,302.5,302.5
24-05-2017,302.5,302.5,0.0,302.5,302.5,302.5
25-05-2017,302.5,302.5,0.0,302.5,302.5,302.5
26-05-2017,302.5,302.5,0.0,302.5,302.5,302.5
30-05-2017,302.5,302.5,0.0,302.5,302.5,302.5
31-05-2017,295.77301025390625,295.77301025390625,1000.0,295.77301025390625,302.5,302.5
01-06-2017,302.5,302.5,0.0,302.5,302.5,302.5
02-06-2017,302.5,302.5,0.0,302.5,302.5,302.5
05-06-2017,302.5,302.5,0.0,302.5,302.5,302.5
06-06-2017,302.5,302.5,0.0,302.5,302.5,302.5
07-06-2017,298.5,298.5,838.0,298.5,302.5,302.5
08-06-2017,295.0,295.0,2500.0,295.0,302.5,302.5
09-06-2017,297.5,297.5,0.0,297.5,297.5,297.5
12-06-2017,290.75,290.75,250.0,290.75,297.5,297.5
13-06-2017,297.5,297.5,0.0,297.5,297.5,297.5
14-06-2017,297.5,297.5,0.0,297.5,297.5,297.5
15-06-2017,297.5,297.5,0.0,297.5,297.5,297.5
16-06-2017,297.5,297.5,0.0,297.5,297.5,297.5
19-06-2017,297.5,297.5,0.0,297.5,297.5,297.5
20-06-2017,297.5,297.5,0.0,297.5,297.5,297.5
21-06-2017,297.5,297.5,0.0,297.5,297.5,297.5
22-06-2017,300.0,300.0,780.0,300.0,297.5,297.5
23-06-2017,297.5,297.5,0.0,297.5,297.5,297.5
26-06-2017,297.5,297.5,7500.0,297.5,297.5,297.5
27-06-2017,290.0,290.0,2500.0,290.0,290.0,290.0
28-06-2017,295.0,295.0,0.0,295.0,295.0,295.0
29-06-2017,275.0,285.0,4500.0,285.0,287.5,287.5
30-06-2017,265.25,275.0,9963.0,285.0,280.0,280.0
03-07-2017,280.0,280.0,0.0,280.0,280.0,280.0
04-07-2017,280.0,280.0,0.0,280.0,280.0,280.0
05-07-2017,280.0,280.0,0.0,280.0,280.0,280.0
06-07-2017,280.0,280.0,75000.0,280.0,280.0,280.0
07-07-2017,280.0,280.0,0.0,280.0,280.0,280.0
10-07-2017,285.0,285.0,3400.0,285.0,280.0,280.0
11-07-2017,280.0,280.0,0.0,280.0,280.0,280.0
12-07-2017,280.0,280.0,0.0,280.0,280.0,280.0
13-07-2017,280.0,280.0,0.0,280.0,280.0,280.0
14-07-2017,285.0,285.0,0.0,285.0,285.0,285.0
17-07-2017,275.0,275.0,18600.0,285.0,290.0,290.0
18-07-2017,290.0,290.0,0.0,290.0,290.0,290.0
19-07-2017,290.0,290.0,0.0,290.0,290.0,290.0
20-07-2017,290.0,290.0,0.0,290.0,290.0,290.0
21-07-2017,275.0,275.0,11200.0,277.0,290.0,290.0
24-07-2017,275.0,275.0,8205.0,275.7300109863281,290.0,290.0
25-07-2017,290.0,290.0,0.0,290.0,290.0,290.0
26-07-2017,290.0,290.0,0.0,290.0,290.0,290.0
27-07-2017,290.0,290.0,0.0,290.0,290.0,290.0
28-07-2017,290.0,290.0,0.0,290.0,290.0,290.0
31-07-2017,290.0,290.0,0.0,290.0,290.0,290.0
01-08-2017,290.0,290.0,0.0,290.0,290.0,290.0
02-08-2017,290.0,290.0,0.0,290.0,290.0,290.0
03-08-2017,290.0,290.0,0.0,290.0,290.0,290.0
04-08-2017,295.0,295.0,4220.0,300.0,290.0,290.0
07-08-2017,290.0,290.0,0.0,290.0,290.0,290.0
08-08-2017,275.0,275.0,5375.0,275.0,295.0,295.0
09-08-2017,295.0,295.0,0.0,295.0,295.0,295.0
10-08-2017,295.0,295.0,0.0,295.0,295.0,295.0
11-08-2017,295.0,295.0,0.0,295.0,295.0,295.0
14-08-2017,295.0,295.0,0.0,295.0,295.0,295.0
15-08-2017,300.0,300.0,331.0,300.0,295.0,295.0
16-08-2017,295.0,295.0,0.0,295.0,295.0,295.0
17-08-2017,295.0,295.0,0.0,295.0,295.0,295.0
18-08-2017,295.0,295.0,0.0,295.0,295.0,295.0
21-08-2017,295.0,295.0,0.0,295.0,295.0,295.0
22-08-2017,282.0,282.0,53451.0,295.0,295.0,295.0
23-08-2017,300.0,300.0,1061.0,300.0,295.0,295.0
24-08-2017,295.0,295.0,0.0,295.0,295.0,295.0
25-08-2017,295.0,295.0,0.0,295.0,295.0,295.0
29-08-2017,295.0,295.0,0.0,295.0,295.0,295.0
30-08-2017,295.0,295.0,0.0,295.0,295.0,295.0
31-08-2017,295.0,295.0,0.0,295.0,295.0,295.0
01-09-2017,295.0,295.0,0.0,295.0,295.0,295.0
04-09-2017,277.5,277.5,0.0,277.5,277.5,277.5
05-09-2017,277.5,277.5,0.0,277.5,277.5,277.5
06-09-2017,275.0,275.0,0.0,275.0,275.0,275.0
07-09-2017,275.0,275.0,0.0,275.0,275.0,275.0
08-09-2017,275.0,275.0,0.0,275.0,275.0,275.0
11-09-2017,275.0,275.0,0.0,275.0,275.0,275.0
12-09-2017,275.0,275.0,0.0,275.0,275.0,275.0
13-09-2017,275.0,275.0,0.0,275.0,275.0,275.0
14-09-2017,270.0,270.0,85800.0,270.0,275.0,275.0
15-09-2017,275.0,275.0,0.0,275.0,275.0,275.0
18-09-2017,275.0,275.0,0.0,275.0,275.0,275.0
19-09-2017,275.0,275.0,0.0,275.0,275.0,275.0
20-09-2017,275.0,275.0,0.0,275.0,275.0,275.0
21-09-2017,275.0,275.0,0.0,275.0,275.0,275.0
22-09-2017,275.0,275.0,0.0,275.0,275.0,275.0
25-09-2017,275.0,275.0,0.0,275.0,275.0,275.0
26-09-2017,275.0,275.0,0.0,275.0,275.0,275.0
27-09-2017,275.0,275.0,0.0,275.0,275.0,275.0
28-09-2017,275.0,275.0,0.0,275.0,275.0,275.0
29-09-2017,265.0,265.0,2398.0,265.0,275.0,275.0
02-10-2017,265.0,265.20001220703125,1800.0,265.20001220703125,275.0,275.0
03-10-2017,260.0,265.0,1499.0,270.0,270.0,270.0
04-10-2017,270.0,270.0,5275.0,270.0,270.0,270.0
05-10-2017,270.0,270.0,0.0,270.0,270.0,270.0
06-10-2017,270.0,270.0,17254.0,270.0,270.0,270.0
09-10-2017,270.0,270.0,1859.0,270.0,270.0,270.0
10-10-2017,270.0,270.0,0.0,270.0,270.0,270.0
11-10-2017,270.0,270.0,0.0,270.0,270.0,270.0
12-10-2017,265.0,265.0,327000.0,265.5299987792969,270.0,270.0
13-10-2017,270.0,270.0,5600.0,285.0,275.0,275.0
16-10-2017,275.0,275.0,0.0,275.0,275.0,275.0
17-10-2017,275.0,275.0,0.0,275.0,275.0,275.0
18-10-2017,266.0,266.0,753.0,266.0,275.0,275.0
19-10-2017,284.0,284.0,1000.0,284.0,275.0,275.0
20-10-2017,272.5,272.5,0.0,272.5,272.5,272.5
23-10-2017,272.5,272.5,0.0,272.5,272.5,272.5
24-10-2017,272.5,272.5,0.0,272.5,272.5,272.5
25-10-2017,265.0,279.0,12026.0,279.0,272.5,272.5
26-10-2017,275.0,278.0,810.0,278.0,275.0,275.0
27-10-2017,275.0,275.0,0.0,275.0,275.0,275.0
30-10-2017,270.0,270.0,666.0,270.0,275.0,275.0
31-10-2017,275.0,275.0,0.0,275.0,275.0,275.0
01-11-2017,275.0,275.0,0.0,275.0,275.0,275.0
02-11-2017,275.0,275.0,0.0,275.0,275.0,275.0
03-11-2017,275.0,275.0,0.0,275.0,275.0,275.0
06-11-2017,275.0,275.0,0.0,275.0,275.0,275.0
07-11-2017,279.0,280.0,16000.0,280.0,285.0,285.0
08-11-2017,277.0,277.0,855.0,277.0,285.0,285.0
09-11-2017,282.1099853515625,292.75,9270.0,294.0,290.0,290.0
10-11-2017,291.0,294.79998779296875,3887.0,294.79998779296875,295.0,295.0
13-11-2017,291.0,291.0,780.0,291.0,295.0,295.0
14-11-2017,295.0,295.0,0.0,295.0,295.0,295.0
15-11-2017,295.0,295.0,0.0,295.0,295.0,295.0
16-11-2017,291.0,291.0,1313.0,291.0,295.0,295.0
17-11-2017,291.0,299.95001220703125,29515.0,299.95001220703125,292.5,292.5
20-11-2017,292.5,292.5,0.0,292.5,292.5,292.5
21-11-2017,300.0,300.0,0.0,300.0,300.0,300.0
22-11-2017,300.0,300.0,0.0,300.0,300.0,300.0
23-11-2017,310.0,310.0,0.0,310.0,310.0,310.0
24-11-2017,310.0,310.0,0.0,310.0,310.0,310.0
27-11-2017,310.0,310.0,0.0,310.0,310.0,310.0
28-11-2017,302.5,305.0,8500.0,305.0,310.0,310.0
29-11-2017,302.0,302.0,5880.0,309.0,305.0,305.0
30-11-2017,290.0,295.0,4500.0,295.0,300.0,300.0
01-12-2017,303.8999938964844,304.20001220703125,1005.0,304.20001220703125,300.0,300.0
04-12-2017,300.0,300.0,0.0,300.0,300.0,300.0
05-12-2017,300.0,300.0,0.0,300.0,300.0,300.0
06-12-2017,303.8999938964844,300.0,0.0,304.20001220703125,300.0,300.0
07-12-2017,290.0,290.0,60000.0,290.0,300.0,300.0
08-12-2017,290.0,300.0,0.0,290.0,300.0,300.0
11-12-2017,303.8999938964844,303.8999938964844,3286.0,303.8999938964844,300.0,300.0
12-12-2017,303.8999938964844,303.8999938964844,5078.0,303.8999938964844,300.0,300.0
13-12-2017,300.0,300.0,0.0,300.0,300.0,300.0
14-12-2017,300.0,300.0,0.0,300.0,300.0,300.0
15-12-2017,300.0,300.0,0.0,300.0,300.0,300.0
18-12-2017,300.0,300.0,0.0,300.0,300.0,300.0
19-12-2017,300.0,300.0,0.0,300.0,300.0,300.0
20-12-2017,300.0,300.0,0.0,300.0,300.0,300.0
21-12-2017,300.0,300.0,0.0,300.0,300.0,300.0
22-12-2017,294.0,294.0,100.0,294.0,300.0,300.0
27-12-2017,285.0,285.0,2000.0,285.0,300.0,300.0
28-12-2017,303.8999938964844,303.8999938964844,2500.0,303.8999938964844,300.0,300.0
29-12-2017,300.0,300.0,0.0,300.0,300.0,300.0
02-01-2018,302.70001220703125,302.70001220703125,92.0,302.70001220703125,299.0,299.0
03-01-2018,299.0,299.0,0.0,299.0,299.0,299.0
04-01-2018,299.0,299.0,0.0,299.0,299.0,299.0
05-01-2018,299.0,299.0,0.0,299.0,299.0,299.0
08-01-2018,299.0,299.0,0.0,299.0,299.0,299.0
09-01-2018,299.0,299.0,0.0,299.0,299.0,299.0
10-01-2018,299.0,299.0,0.0,299.0,299.0,299.0
11-01-2018,302.70001220703125,302.70001220703125,60.0,302.70001220703125,299.0,299.0
12-01-2018,302.70001220703125,302.70001220703125,161.0,302.70001220703125,299.0,299.0
15-01-2018,299.0,299.0,0.0,299.0,299.0,299.0
16-01-2018,299.0,299.0,0.0,299.0,299.0,299.0
17-01-2018,280.0,299.0,4471.0,300.0,290.0,290.0
18-01-2018,270.3999938964844,270.3999938964844,1000.0,270.3999938964844,285.0,285.0
19-01-2018,285.0,285.0,0.0,285.0,285.0,285.0
22-01-2018,285.0,285.0,0.0,285.0,285.0,285.0
23-01-2018,285.0,285.0,0.0,285.0,285.0,285.0
24-01-2018,285.0,285.0,0.0,285.0,285.0,285.0
25-01-2018,285.0,285.0,0.0,285.0,285.0,285.0
26-01-2018,285.0,285.0,0.0,285.0,285.0,285.0
29-01-2018,285.0,285.0,0.0,285.0,285.0,285.0
30-01-2018,285.0,285.0,0.0,285.0,285.0,285.0
31-01-2018,271.0,271.0,3100.0,285.0,285.0,285.0
01-02-2018,285.0,285.0,0.0,285.0,285.0,285.0
02-02-2018,285.0,285.0,0.0,285.0,285.0,285.0
05-02-2018,285.0,285.0,0.0,285.0,285.0,285.0
06-02-2018,285.0,285.0,0.0,285.0,285.0,285.0
07-02-2018,285.0,285.0,0.0,285.0,285.0,285.0
08-02-2018,260.5,260.5,1348.0,265.0,266.0,266.0
09-02-2018,266.0,266.0,0.0,266.0,266.0,266.0
12-02-2018,266.0,266.0,0.0,266.0,266.0,266.0
13-02-2018,266.0,266.0,0.0,266.0,266.0,266.0
14-02-2018,266.0,266.0,0.0,266.0,266.0,266.0
15-02-2018,266.0,266.0,0.0,266.0,266.0,266.0
16-02-2018,275.0,275.0,1277.0,275.0,266.0,266.0
19-02-2018,266.0,266.0,0.0,266.0,266.0,266.0
20-02-2018,266.0,266.0,0.0,266.0,266.0,266.0
21-02-2018,266.0,266.0,0.0,266.0,266.0,266.0
22-02-2018,275.0,275.0,65.0,275.0,266.0,266.0
23-02-2018,266.0,266.0,0.0,266.0,266.0,266.0
26-02-2018,275.0,275.0,35.0,275.0,266.0,266.0
27-02-2018,266.0,266.0,0.0,266.0,266.0,266.0
28-02-2018,275.0,275.0,15000.0,275.0,266.0,266.0
01-03-2018,250.0,250.0,416.0,250.0,266.0,266.0
02-03-2018,250.0,250.0,802.0,250.0,266.0,266.0
05-03-2018,250.0,250.0,35.0,250.0,266.0,266.0
06-03-2018,266.0,266.0,0.0,266.0,266.0,266.0
07-03-2018,266.0,266.0,0.0,266.0,266.0,266.0
08-03-2018,266.0,266.0,0.0,266.0,266.0,266.0
09-03-2018,266.0,266.0,0.0,266.0,266.0,266.0
12-03-2018,266.0,266.0,0.0,266.0,266.0,266.0
13-03-2018,266.0,266.0,0.0,266.0,266.0,266.0
14-03-2018,266.0,266.0,0.0,266.0,266.0,266.0
15-03-2018,266.0,266.0,0.0,266.0,266.0,266.0
16-03-2018,278.1600036621094,278.1600036621094,300.0,278.1600036621094,266.0,266.0
19-03-2018,266.0,266.0,0.0,266.0,266.0,266.0
20-03-2018,266.0,266.0,0.0,266.0,266.0,266.0
21-03-2018,278.0,278.0,1258.0,278.0,266.0,266.0
22-03-2018,255.0,255.0,3500.0,255.0,266.0,266.0
23-03-2018,266.0,266.0,0.0,266.0,266.0,266.0
26-03-2018,266.0,266.0,0.0,266.0,266.0,266.0
27-03-2018,278.0,278.0,122.0,278.0,266.0,266.0
28-03-2018,252.0,252.0,4217.0,252.0,271.0,271.0
29-03-2018,271.0,271.0,0.0,271.0,271.0,271.0
03-04-2018,271.0,271.0,0.0,271.0,271.0,271.0
04-04-2018,261.0,261.0,1000.0,261.0,271.0,271.0
05-04-2018,271.0,271.0,0.0,271.0,271.0,271.0
06-04-2018,271.0,271.0,0.0,271.0,271.0,271.0
09-04-2018,271.0,271.0,0.0,271.0,271.0,271.0
10-04-2018,282.0,282.0,116.0,282.0,271.0,271.0
11-04-2018,271.0,271.0,0.0,271.0,271.0,271.0
12-04-2018,263.0,263.0,1200.0,263.0,271.0,271.0
13-04-2018,271.0,271.0,0.0,271.0,271.0,271.0
16-04-2018,271.0,271.0,0.0,271.0,271.0,271.0
17-04-2018,279.95001220703125,280.0,20000.0,285.0,285.0,285.0
18-04-2018,274.5,274.5,20.0,274.5,285.0,285.0
19-04-2018,285.0,285.0,0.0,285.0,285.0,285.0
20-04-2018,285.0,285.0,0.0,285.0,285.0,285.0
23-04-2018,285.0,285.0,0.0,285.0,285.0,285.0
24-04-2018,274.5,274.5,656.0,274.5,285.0,285.0
25-04-2018,271.5,272.0,3000.0,272.0,285.0,285.0
26-04-2018,285.0,285.0,0.0,285.0,285.0,285.0
27-04-2018,285.0,285.0,0.0,285.0,285.0,285.0
30-04-2018,285.0,285.0,0.0,285.0,285.0,285.0
01-05-2018,285.0,285.0,0.0,285.0,285.0,285.0
02-05-2018,285.0,285.0,0.0,285.0,285.0,285.0
03-05-2018,285.0,285.0,0.0,285.0,285.0,285.0
04-05-2018,285.0,285.0,0.0,285.0,285.0,285.0
08-05-2018,285.0,285.0,0.0,285.0,285.0,285.0
09-05-2018,285.0,285.0,0.0,285.0,285.0,285.0
10-05-2018,271.95001220703125,285.0,8403.0,285.0,285.0,285.0
11-05-2018,272.0,272.0,740.0,272.0,285.0,285.0
14-05-2018,255.0,255.0,5000.0,255.0,270.0,270.0
15-05-2018,270.0,270.0,0.0,270.0,270.0,270.0
16-05-2018,270.0,270.0,0.0,270.0,270.0,270.0
17-05-2018,279.6000061035156,280.0,9166.0,280.0,270.0,270.0
18-05-2018,275.0,275.0,9333.0,275.0,270.0,270.0
21-05-2018,270.0,270.0,0.0,270.0,270.0,270.0
22-05-2018,275.0,275.0,500.0,275.0,270.0,270.0
23-05-2018,270.0,270.0,0.0,270.0,270.0,270.0
24-05-2018,270.0,270.0,0.0,270.0,270.0,270.0
25-05-2018,270.0,270.0,0.0,270.0,270.0,270.0
29-05-2018,270.0,270.0,0.0,270.0,270.0,270.0
30-05-2018,270.0,270.0,0.0,270.0,270.0,270.0
31-05-2018,250.0,250.0,1332.0,250.0,265.0,265.0
01-06-2018,274.79998779296875,275.0,7586.0,275.0,270.0,270.0
04-06-2018,270.0,274.79998779296875,102065.0,274.79998779296875,275.0,275.0
05-06-2018,272.0,272.0,2500.0,280.0,280.0,280.0
06-06-2018,270.0,270.0,2223.0,270.0,280.0,280.0
07-06-2018,280.0,280.0,0.0,280.0,280.0,280.0
08-06-2018,280.0,280.0,0.0,280.0,280.0,280.0
11-06-2018,280.0,280.0,0.0,280.0,280.0,280.0
12-06-2018,270.0,270.0,122.0,270.0,280.0,280.0
13-06-2018,280.0,280.0,0.0,280.0,280.0,280.0
14-06-2018,280.0,280.0,0.0,280.0,280.0,280.0
15-06-2018,280.0,280.0,0.0,280.0,280.0,280.0
18-06-2018,270.0,270.0,33250.0,280.0,280.0,280.0
19-06-2018,280.0,280.0,0.0,280.0,280.0,280.0
20-06-2018,280.0,280.0,0.0,280.0,280.0,280.0
21-06-2018,280.0,280.0,0.0,280.0,280.0,280.0
22-06-2018,280.0,280.0,0.0,280.0,280.0,280.0
25-06-2018,280.0,280.0,1700.0,280.0,280.0,280.0
26-06-2018,270.0,270.0,1000.0,270.0,280.0,280.0
27-06-2018,280.0,280.0,0.0,280.0,280.0,280.0
28-06-2018,280.0,280.0,0.0,280.0,280.0,280.0
29-06-2018,280.0,280.0,0.0,280.0,280.0,280.0
02-07-2018,280.0,280.0,0.0,280.0,280.0,280.0
03-07-2018,280.0,280.0,0.0,280.0,280.0,280.0
04-07-2018,280.0,280.0,0.0,280.0,280.0,280.0
05-07-2018,280.0,280.0,0.0,280.0,280.0,280.0
06-07-2018,280.0,280.0,0.0,280.0,280.0,280.0
09-07-2018,280.0,280.0,0.0,280.0,280.0,280.0
10-07-2018,280.0,280.0,0.0,280.0,280.0,280.0
11-07-2018,280.0,280.0,0.0,280.0,280.0,280.0
12-07-2018,280.0,280.0,0.0,280.0,280.0,280.0
13-07-2018,280.0,280.0,0.0,280.0,280.0,280.0
16-07-2018,280.0,280.0,0.0,280.0,280.0,280.0
17-07-2018,280.0,280.0,0.0,280.0,280.0,280.0
18-07-2018,270.0,270.0,1492.0,270.0,280.0,280.0
19-07-2018,280.0,280.0,0.0,280.0,280.0,280.0
20-07-2018,270.0,280.0,4265.0,280.0,280.0,280.0
23-07-2018,280.0,280.0,0.0,280.0,280.0,280.0
24-07-2018,280.0,280.0,0.0,280.0,280.0,280.0
25-07-2018,270.0,270.0,375.0,270.0,272.0,272.0
26-07-2018,260.0,270.0,15812.0,270.0,265.0,265.0
27-07-2018,265.0,265.0,2000.0,265.0,265.0,265.0
30-07-2018,265.0,265.0,0.0,265.0,265.0,265.0
31-07-2018,265.0,265.0,0.0,265.0,265.0,265.0
01-08-2018,265.0,265.0,1241.0,265.0,263.0,263.0
02-08-2018,263.0,263.0,0.0,263.0,263.0,263.0
03-08-2018,256.0,256.70001220703125,2000.0,256.70001220703125,260.0,260.0
06-08-2018,260.0,260.0,0.0,260.0,260.0,260.0
07-08-2018,265.0,265.0,12893.0,265.0,260.0,260.0
08-08-2018,255.0,265.0,8273.0,265.0,260.0,260.0
09-08-2018,260.0,260.0,0.0,260.0,260.0,260.0
10-08-2018,260.0,260.0,0.0,260.0,260.0,260.0
13-08-2018,250.0,250.0,250.0,250.0,260.0,260.0
14-08-2018,250.0,250.0,352.0,250.0,260.0,260.0
15-08-2018,250.0,250.0,2500.0,250.0,260.0,260.0
16-08-2018,260.0,260.0,0.0,260.0,260.0,260.0
17-08-2018,265.0,265.0,10000.0,265.0,260.0,260.0
20-08-2018,260.0,260.0,0.0,260.0,260.0,260.0
21-08-2018,260.0,260.0,0.0,260.0,260.0,260.0
22-08-2018,260.0,260.0,0.0,260.0,260.0,260.0
23-08-2018,260.0,260.0,0.0,260.0,260.0,260.0
24-08-2018,260.0,260.0,0.0,260.0,260.0,260.0
28-08-2018,260.0,260.0,0.0,260.0,260.0,260.0
29-08-2018,260.0,260.0,0.0,260.0,260.0,260.0
30-08-2018,260.0,260.0,0.0,260.0,260.0,260.0
31-08-2018,260.0,260.0,0.0,260.0,260.0,260.0
03-09-2018,260.0,260.0,0.0,260.0,260.0,260.0
04-09-2018,260.0,260.0,0.0,260.0,260.0,260.0
05-09-2018,251.0,251.0,500.0,251.0,260.0,260.0
06-09-2018,260.0,260.0,0.0,260.0,260.0,260.0
07-09-2018,250.0,250.0,1000.0,250.0,260.0,260.0
10-09-2018,260.0,260.0,0.0,260.0,260.0,260.0
11-09-2018,260.0,260.0,24500.0,260.0,260.0,260.0
12-09-2018,250.0,250.0,119850.0,280.0,260.0,260.0
13-09-2018,250.0,250.0,910.0,250.0,260.0,260.0
14-09-2018,250.0,260.0,21262.0,260.0,260.0,260.0
17-09-2018,245.0,250.0,5725.0,250.0,250.0,250.0
18-09-2018,240.0,240.0,417.0,240.0,250.0,250.0
19-09-2018,250.0,250.0,0.0,250.0,250.0,250.0
20-09-2018,240.0,240.0,1000.0,240.0,240.0,240.0
21-09-2018,240.0,240.0,0.0,240.0,240.0,240.0
24-09-2018,240.0,240.0,0.0,240.0,240.0,240.0
25-09-2018,225.0,225.0,1500.0,225.0,230.0,230.0
26-09-2018,220.0,220.0,1000.0,220.0,230.0,230.0
27-09-2018,200.0,201.0,41984.0,201.5,215.0,215.0
28-09-2018,200.39999389648438,200.39999389648438,19805.0,230.0,215.0,215.0
01-10-2018,213.5,213.5,6603.0,230.0,215.0,215.0
02-10-2018,210.0,215.0,25948.0,230.0,225.0,225.0
03-10-2018,238.0,240.0,22400.0,240.47999572753906,235.0,235.0
04-10-2018,249.0,249.0,38028.0,270.0,270.0,270.0
05-10-2018,272.0,272.0,9407.0,272.5,270.0,270.0
08-10-2018,277.0,277.0,0.0,277.0,277.0,277.0
09-10-2018,260.0,262.5,3100.0,262.5,267.0,267.0
10-10-2018,252.0,252.0,5402.0,252.0,255.0,255.0
11-10-2018,242.0,242.0,157.0,242.0,245.0,245.0
12-10-2018,250.0,250.0,0.0,250.0,250.0,250.0
15-10-2018,242.0,242.0,4331.0,250.0,245.0,245.0
16-10-2018,245.0,245.0,0.0,245.0,245.0,245.0
17-10-2018,245.0,245.0,0.0,245.0,245.0,245.0
18-10-2018,245.0,245.0,0.0,245.0,245.0,245.0
19-10-2018,245.0,245.0,0.0,245.0,245.0,245.0
22-10-2018,245.0,245.0,0.0,245.0,245.0,245.0
23-10-2018,250.0,250.0,0.0,250.0,250.0,250.0
24-10-2018,250.0,250.0,0.0,250.0,250.0,250.0
25-10-2018,250.0,250.0,0.0,250.0,250.0,250.0
26-10-2018,250.0,250.0,0.0,250.0,250.0,250.0
29-10-2018,250.0,250.0,0.0,250.0,250.0,250.0
30-10-2018,250.0,250.0,0.0,250.0,250.0,250.0
31-10-2018,230.0,230.0,692.0,230.0,250.0,250.0
01-11-2018,250.0,250.0,0.0,250.0,250.0,250.0
02-11-2018,250.0,250.0,0.0,250.0,250.0,250.0
05-11-2018,250.0,250.0,0.0,250.0,250.0,250.0
06-11-2018,250.0,250.0,0.0,250.0,250.0,250.0
07-11-2018,230.0,230.0,15025.0,245.0,250.0,250.0
08-11-2018,250.0,250.0,0.0,250.0,250.0,250.0
09-11-2018,250.0,250.0,0.0,250.0,250.0,250.0
12-11-2018,250.0,250.0,0.0,250.0,250.0,250.0
13-11-2018,244.39999389648438,244.39999389648438,1.0,244.39999389648438,250.0,250.0
14-11-2018,250.0,250.0,0.0,250.0,250.0,250.0
15-11-2018,260.0,260.0,0.0,260.0,260.0,260.0
16-11-2018,212.0,240.0,15157.0,240.0,230.0,230.0
19-11-2018,230.0,230.0,0.0,230.0,230.0,230.0
20-11-2018,230.0,230.0,0.0,230.0,230.0,230.0
21-11-2018,230.0,230.0,0.0,230.0,230.0,230.0
22-11-2018,230.0,230.0,0.0,230.0,230.0,230.0
23-11-2018,220.0,220.0,1000.0,220.0,225.0,225.0
26-11-2018,225.0,225.0,0.0,225.0,225.0,225.0
27-11-2018,225.0,225.0,700.0,225.0,225.0,225.0
28-11-2018,210.0,210.0,3000.0,210.0,225.0,225.0
29-11-2018,220.0,220.0,0.0,220.0,220.0,220.0
30-11-2018,225.0,225.0,2061.0,225.0,220.0,220.0
03-12-2018,220.0,220.0,0.0,220.0,220.0,220.0
04-12-2018,225.0,229.0,5000.0,229.0,230.0,230.0
05-12-2018,230.0,230.0,0.0,230.0,230.0,230.0
06-12-2018,230.0,230.0,0.0,230.0,230.0,230.0
07-12-2018,250.0,250.0,1500.0,250.0,230.0,230.0
10-12-2018,230.0,230.0,0.0,230.0,230.0,230.0
11-12-2018,221.0,221.0,1400.0,221.0,230.0,230.0
12-12-2018,215.0,215.0,7500.0,215.0,225.0,225.0
13-12-2018,211.0,211.0,1000.0,211.0,225.0,225.0
14-12-2018,225.0,225.0,0.0,225.0,225.0,225.0
17-12-2018,225.0,225.0,0.0,225.0,225.0,225.0
18-12-2018,210.0,210.0,1000.0,210.0,220.0,220.0
19-12-2018,220.0,220.0,0.0,220.0,220.0,220.0
20-12-2018,220.0,220.0,0.0,220.0,220.0,220.0
21-12-2018,200.0,200.0,2500.0,200.0,207.5,207.5
24-12-2018,218.0,218.0,226.0,218.0,210.0,210.0
27-12-2018,200.0,200.0,1000.0,200.0,210.0,210.0
28-12-2018,218.0,218.0,2288.0,218.0,210.0,210.0
31-12-2018,200.0,200.0,43.0,200.0,210.0,210.0
02-01-2019,200.0,200.0,1000.0,200.0,210.0,210.0
03-01-2019,210.0,210.0,0.0,210.0,210.0,210.0
04-01-2019,218.0,218.0,200.0,218.0,210.0,210.0
07-01-2019,200.0,200.0,1000.0,200.0,210.0,210.0
08-01-2019,210.0,210.0,0.0,210.0,210.0,210.0
09-01-2019,210.0,210.0,0.0,210.0,210.0,210.0
10-01-2019,210.0,210.0,0.0,210.0,210.0,210.0
11-01-2019,200.0,200.0,1032.0,200.0,210.0,210.0
14-01-2019,210.0,210.0,0.0,210.0,210.0,210.0
15-01-2019,200.0,200.0,1684.0,200.0,210.0,210.0
16-01-2019,210.0,210.0,0.0,210.0,210.0,210.0
17-01-2019,210.0,210.0,0.0,210.0,210.0,210.0
18-01-2019,214.89999389648438,214.89999389648438,578.0,214.89999389648438,210.0,210.0
21-01-2019,200.0,200.0,2959.0,219.0,210.0,210.0
22-01-2019,210.0,210.0,0.0,210.0,210.0,210.0
23-01-2019,200.0,200.0,1000.0,200.0,210.0,210.0
24-01-2019,210.0,210.0,0.0,210.0,210.0,210.0
25-01-2019,210.0,210.0,10000.0,210.0,210.0,210.0
28-01-2019,200.0,201.0,8605.0,201.0,210.0,210.0
29-01-2019,210.0,210.0,7332.0,210.0,210.0,210.0
30-01-2019,201.0,201.0,1000.0,201.0,210.0,210.0
31-01-2019,220.0,220.0,50.0,220.0,210.0,210.0
01-02-2019,201.0,201.0,1470.0,201.0,210.0,210.0
04-02-2019,190.0,190.0,25000.0,190.0,205.0,205.0
05-02-2019,190.0,190.0,40822.0,190.0,205.0,205.0
06-02-2019,201.0,201.0,20.0,201.0,205.0,205.0
07-02-2019,205.0,205.0,0.0,205.0,205.0,205.0
08-02-2019,210.0,210.0,16666.0,210.0,205.0,205.0
11-02-2019,190.0,190.0,75000.0,190.0,205.0,205.0
12-02-2019,205.0,205.0,0.0,205.0,205.0,205.0
13-02-2019,205.0,205.0,0.0,205.0,205.0,205.0
14-02-2019,205.0,205.0,0.0,205.0,205.0,205.0
15-02-2019,192.0,192.0,1000.0,192.0,205.0,205.0
18-02-2019,210.0,210.0,9760.0,210.0,205.0,205.0
19-02-2019,205.0,205.0,0.0,205.0,205.0,205.0
20-02-2019,209.1999969482422,209.1999969482422,9076.0,209.1999969482422,205.0,205.0
21-02-2019,192.0,192.0,1000.0,192.0,205.0,205.0
22-02-2019,208.0,208.0,58900.0,209.1999969482422,205.0,205.0
25-02-2019,195.10000610351562,195.10000610351562,1000.0,195.10000610351562,205.0,205.0
26-02-2019,210.0,210.0,6000.0,210.0,205.0,205.0
27-02-2019,205.0,205.0,0.0,205.0,205.0,205.0
28-02-2019,205.0,210.0,82200.0,210.0,205.0,205.0
01-03-2019,205.0,205.0,0.0,205.0,205.0,205.0
04-03-2019,190.0,190.0,7000.0,190.0,205.0,205.0
05-03-2019,190.0,190.0,1000.0,190.0,205.0,205.0
06-03-2019,205.0,205.0,0.0,205.0,205.0,205.0
07-03-2019,205.0,205.0,0.0,205.0,205.0,205.0
08-03-2019,205.0,205.0,0.0,205.0,205.0,205.0
11-03-2019,206.22999572753906,206.22999572753906,250000.0,206.22999572753906,205.0,205.0
12-03-2019,191.0,191.0,50.0,191.0,205.0,205.0
13-03-2019,205.0,205.0,0.0,205.0,205.0,205.0
14-03-2019,205.0,205.0,0.0,205.0,205.0,205.0
15-03-2019,191.0,191.0,5625.0,191.0,205.0,205.0
18-03-2019,206.5,206.5,9685.0,206.5,205.0,205.0
19-03-2019,205.0,205.0,0.0,205.0,205.0,205.0
20-03-2019,205.0,205.0,0.0,205.0,205.0,205.0
21-03-2019,205.0,205.0,0.0,205.0,205.0,205.0
22-03-2019,205.0,205.0,0.0,205.0,205.0,205.0
25-03-2019,190.0,203.5,2020.0,203.5,200.0,200.0
26-03-2019,200.0,200.0,2000.0,200.0,200.0,200.0
27-03-2019,200.0,200.0,0.0,200.0,200.0,200.0
28-03-2019,200.0,200.0,0.0,200.0,200.0,200.0
29-03-2019,190.0,190.0,7368.0,190.8000030517578,200.0,200.0
01-04-2019,200.0,200.0,0.0,200.0,200.0,200.0
02-04-2019,190.0,190.0,10688.0,200.0,200.0,200.0
03-04-2019,200.0,200.0,500.0,200.0,200.0,200.0
04-04-2019,200.0,200.0,0.0,200.0,200.0,200.0
05-04-2019,200.0,200.0,0.0,200.0,200.0,200.0
08-04-2019,200.0,200.0,0.0,200.0,200.0,200.0
09-04-2019,200.0,200.0,0.0,200.0,200.0,200.0
10-04-2019,200.0,200.0,0.0,200.0,200.0,200.0
11-04-2019,200.0,200.0,0.0,200.0,200.0,200.0
12-04-2019,200.0,200.0,997.0,200.0,200.0,200.0
15-04-2019,200.0,200.0,0.0,200.0,200.0,200.0
16-04-2019,200.0,200.0,0.0,200.0,200.0,200.0
17-04-2019,190.0,190.0,1000.0,190.0,195.0,195.0
18-04-2019,172.0,172.0,4685.0,172.0,185.0,185.0
23-04-2019,185.0,185.0,0.0,185.0,185.0,185.0
24-04-2019,185.0,185.0,0.0,185.0,185.0,185.0
25-04-2019,185.0,185.0,0.0,185.0,185.0,185.0
26-04-2019,185.0,185.0,925.0,185.0,185.0,185.0
29-04-2019,185.0,185.0,0.0,185.0,185.0,185.0
30-04-2019,170.0,170.0,1000.0,170.0,185.0,185.0
01-05-2019,185.0,185.0,0.0,185.0,185.0,185.0
02-05-2019,194.0,194.0,22500.0,194.0,185.0,185.0
03-05-2019,185.0,185.0,0.0,185.0,185.0,185.0
07-05-2019,195.0,195.0,0.0,195.0,195.0,195.0
08-05-2019,195.0,195.0,0.0,195.0,195.0,195.0
09-05-2019,195.0,195.0,0.0,195.0,195.0,195.0
10-05-2019,180.0,180.0,1834.0,180.0,185.0,185.0
13-05-2019,185.0,185.0,0.0,185.0,185.0,185.0
14-05-2019,188.0,188.0,450.0,188.0,185.0,185.0
15-05-2019,185.0,185.0,0.0,185.0,185.0,185.0
16-05-2019,185.0,185.0,0.0,185.0,185.0,185.0
17-05-2019,180.0,195.0,53246.0,195.0,185.0,185.0
20-05-2019,185.0,185.0,0.0,185.0,185.0,185.0
21-05-2019,185.0,185.0,139.0,185.0,185.0,185.0
22-05-2019,185.0,185.0,127249.0,185.0,185.0,185.0
23-05-2019,187.64999389648438,187.64999389648438,4000.0,187.64999389648438,185.0,185.0
24-05-2019,172.0,172.0,7000.0,172.0,185.0,185.0
28-05-2019,187.64999389648438,187.64999389648438,2657.0,187.64999389648438,185.0,185.0
29-05-2019,151.0,170.0,15500.0,170.0,166.0,166.0
30-05-2019,155.0,155.0,11725.0,170.0,166.0,166.0
31-05-2019,166.0,166.0,0.0,166.0,166.0,166.0
03-06-2019,165.0,165.0,255553.0,170.0,166.0,166.0
04-06-2019,166.0,166.0,0.0,166.0,166.0,166.0
05-06-2019,166.0,166.0,0.0,166.0,166.0,166.0
06-06-2019,166.0,166.0,0.0,166.0,166.0,166.0
07-06-2019,175.0,175.0,1500.0,175.0,166.0,166.0
10-06-2019,166.0,166.0,0.0,166.0,166.0,166.0
11-06-2019,166.0,166.0,0.0,166.0,166.0,166.0
12-06-2019,175.0,175.0,1327.0,175.0,166.0,166.0
13-06-2019,165.0,165.0,53.0,165.0,166.0,166.0
14-06-2019,155.0,155.0,1000.0,155.0,166.0,166.0
17-06-2019,167.0,167.0,0.0,167.0,167.0,167.0
18-06-2019,165.0,165.0,0.0,165.0,165.0,165.0
19-06-2019,165.0,165.0,0.0,165.0,165.0,165.0
20-06-2019,165.0,165.0,0.0,165.0,165.0,165.0
21-06-2019,165.0,165.0,0.0,165.0,165.0,165.0
24-06-2019,165.0,165.0,0.0,165.0,165.0,165.0
25-06-2019,165.0,165.0,0.0,165.0,165.0,165.0
26-06-2019,165.0,165.0,0.0,165.0,165.0,165.0
27-06-2019,165.0,165.0,0.0,165.0,165.0,165.0
28-06-2019,165.0,165.0,0.0,165.0,165.0,165.0
01-07-2019,151.5,151.5,65.0,151.5,165.0,165.0
02-07-2019,165.0,165.0,140500.0,180.0,165.0,165.0
03-07-2019,165.0,165.0,0.0,165.0,165.0,165.0
04-07-2019,165.0,165.0,0.0,165.0,165.0,165.0
05-07-2019,151.5,151.5,1000.0,151.5,165.0,165.0
08-07-2019,165.0,165.0,0.0,165.0,165.0,165.0
09-07-2019,150.0,150.0,50.0,150.0,165.0,165.0
10-07-2019,165.0,165.0,0.0,165.0,165.0,165.0
11-07-2019,165.0,165.0,0.0,165.0,165.0,165.0
12-07-2019,170.0,170.0,5400.0,170.0,165.0,165.0
15-07-2019,125.0,130.0,7500.0,130.0,142.5,142.5
16-07-2019,125.0,125.0,1400.0,125.0,142.5,142.5
17-07-2019,142.5,142.5,0.0,142.5,142.5,142.5
18-07-2019,127.0,140.0,14164.0,140.0,142.5,142.5
19-07-2019,142.5,142.5,0.0,142.5,142.5,142.5
22-07-2019,140.0,140.0,2500.0,140.0,142.5,142.5
23-07-2019,130.0,130.0,1000.0,130.0,142.5,142.5
24-07-2019,150.0,150.0,1.0,150.0,142.5,142.5
25-07-2019,142.5,142.5,0.0,142.5,142.5,142.5
26-07-2019,142.5,142.5,0.0,142.5,142.5,142.5
29-07-2019,142.5,142.5,0.0,142.5,142.5,142.5
30-07-2019,122.0,142.5,6000.0,125.0,140.0,140.0
31-07-2019,139.89999389648438,140.0,1421.0,139.89999389648438,140.0,140.0
01-08-2019,139.89999389648438,140.0,2500.0,139.89999389648438,140.0,140.0
02-08-2019,140.0,140.0,0.0,140.0,140.0,140.0
05-08-2019,120.0,140.0,5000.0,120.0,135.0,135.0
06-08-2019,135.0,135.0,0.0,135.0,135.0,135.0
07-08-2019,135.0,135.0,0.0,135.0,135.0,135.0
08-08-2019,137.39999389648438,135.0,1300.0,137.39999389648438,135.0,135.0
09-08-2019,135.0,135.0,0.0,135.0,135.0,135.0
12-08-2019,110.0,135.0,6919.0,135.0,135.0,135.0
13-08-2019,135.0,135.0,0.0,135.0,135.0,135.0
14-08-2019,120.0,135.0,11500.0,132.49000549316406,125.0,125.0
15-08-2019,125.0,125.0,0.0,125.0,125.0,125.0
16-08-2019,125.0,125.0,0.0,125.0,125.0,125.0
19-08-2019,111.0,125.0,6054.0,132.49000549316406,125.0,125.0
20-08-2019,111.0,125.0,1000.0,111.0,125.0,125.0
21-08-2019,125.0,125.0,0.0,125.0,125.0,125.0
22-08-2019,110.0,125.0,1421.0,110.0,125.0,125.0
23-08-2019,125.0,125.0,0.0,125.0,125.0,125.0
27-08-2019,125.0,125.0,0.0,125.0,125.0,125.0
28-08-2019,110.0,125.0,1000.0,110.0,120.0,120.0
29-08-2019,125.0,120.0,7960.0,125.0,120.0,120.0
30-08-2019,120.0,120.0,0.0,120.0,120.0,120.0
02-09-2019,111.0,120.0,536.0,111.0,120.0,120.0
03-09-2019,120.0,120.0,0.0,120.0,120.0,120.0
04-09-2019,105.0,120.0,10000.0,105.0,115.0,115.0
05-09-2019,115.0,115.0,0.0,115.0,115.0,115.0
06-09-2019,115.0,115.0,0.0,115.0,115.0,115.0
09-09-2019,101.0,115.0,1000.0,101.0,115.0,115.0
10-09-2019,115.0,115.0,0.0,115.0,115.0,115.0
11-09-2019,100.0,115.0,500.0,100.0,112.0,112.0
12-09-2019,112.0,112.0,0.0,112.0,112.0,112.0
13-09-2019,100.0,112.0,6965.0,101.0,112.0,112.0
16-09-2019,100.0,112.0,32967.0,100.19999694824219,112.0,112.0
17-09-2019,112.0,112.0,0.0,112.0,112.0,112.0
18-09-2019,112.0,112.0,0.0,112.0,112.0,112.0
19-09-2019,100.0,112.0,8547.0,120.0,112.0,112.0
20-09-2019,101.0,112.0,1000.0,101.0,112.0,112.0
23-09-2019,101.0,112.0,298.0,101.0,112.0,112.0
24-09-2019,112.0,112.0,0.0,112.0,112.0,112.0
25-09-2019,112.0,112.0,0.0,112.0,112.0,112.0
26-09-2019,112.0,112.0,0.0,112.0,112.0,112.0
27-09-2019,101.0,112.0,341.0,101.0,112.0,112.0
30-09-2019,112.0,112.0,0.0,112.0,112.0,112.0
01-10-2019,112.0,112.0,0.0,112.0,112.0,112.0
02-10-2019,119.5,112.0,414.0,119.5,112.0,112.0
03-10-2019,101.75,112.0,5500.0,119.0,112.0,112.0
04-10-2019,112.0,112.0,0.0,112.0,112.0,112.0
07-10-2019,100.0,112.0,43000.0,100.0,114.5,114.5
08-10-2019,110.0,114.5,3610.0,110.0,114.5,114.5
09-10-2019,114.5,114.5,0.0,114.5,114.5,114.5
10-10-2019,110.0,114.5,59000.0,110.55000305175781,114.5,114.5
11-10-2019,114.5,114.5,0.0,114.5,114.5,114.5
14-10-2019,114.5,114.5,0.0,114.5,114.5,114.5
15-10-2019,105.94999694824219,114.5,1693.0,118.81300354003906,114.5,114.5
16-10-2019,114.5,114.5,0.0,114.5,114.5,114.5
17-10-2019,114.5,114.5,0.0,114.5,114.5,114.5
18-10-2019,114.5,114.5,0.0,114.5,114.5,114.5
21-10-2019,114.5,114.5,0.0,114.5,114.5,114.5
22-10-2019,105.0,114.5,2500.0,105.0,112.0,112.0
23-10-2019,100.0,112.0,40978.0,118.24500274658203,110.0,110.0
24-10-2019,115.0,110.0,426.0,115.0,110.0,110.0
25-10-2019,110.0,110.0,0.0,110.0,110.0,110.0
28-10-2019,113.80000305175781,110.0,67874.0,114.38999938964844,110.0,110.0
29-10-2019,114.38999938964844,110.0,1259.0,114.38999938964844,110.0,110.0
30-10-2019,110.0,110.0,0.0,110.0,110.0,110.0
31-10-2019,110.0,110.0,0.0,110.0,110.0,110.0
01-11-2019,110.0,110.0,0.0,110.0,110.0,110.0
04-11-2019,110.0,110.0,0.0,110.0,110.0,110.0
05-11-2019,110.0,110.0,0.0,110.0,110.0,110.0
06-11-2019,110.0,110.0,0.0,110.0,110.0,110.0
07-11-2019,110.0,110.0,0.0,110.0,110.0,110.0
08-11-2019,110.0,110.0,0.0,110.0,110.0,110.0
11-11-2019,110.0,110.0,0.0,110.0,110.0,110.0
12-11-2019,110.0,110.0,0.0,110.0,110.0,110.0
13-11-2019,110.0,110.0,0.0,110.0,110.0,110.0
14-11-2019,110.0,110.0,0.0,110.0,110.0,110.0
15-11-2019,101.5,110.0,209.0,101.5,110.0,110.0
18-11-2019,110.0,110.0,0.0,110.0,110.0,110.0
19-11-2019,110.0,110.0,0.0,110.0,110.0,110.0
20-11-2019,110.0,110.0,0.0,110.0,110.0,110.0
21-11-2019,110.0,110.0,0.0,110.0,110.0,110.0
22-11-2019,110.0,110.0,0.0,110.0,110.0,110.0
25-11-2019,110.0,110.0,0.0,110.0,110.0,110.0
26-11-2019,110.0,110.0,0.0,110.0,110.0,110.0
27-11-2019,110.0,110.0,0.0,110.0,110.0,110.0
28-11-2019,101.56500244140625,110.0,6450.0,101.56500244140625,110.0,110.0
29-11-2019,110.0,110.0,0.0,110.0,110.0,110.0
02-12-2019,110.0,110.0,0.0,110.0,110.0,110.0
03-12-2019,100.0999984741211,110.0,1000.0,100.0999984741211,110.0,110.0
04-12-2019,110.0,110.0,0.0,110.0,110.0,110.0
05-12-2019,110.0,110.0,0.0,110.0,110.0,110.0
06-12-2019,110.0,110.0,0.0,110.0,110.0,110.0
09-12-2019,100.0999984741211,110.0,1000.0,100.0999984741211,107.0,107.0
10-12-2019,95.0,107.0,500.0,95.0,107.0,107.0
11-12-2019,107.0,107.0,0.0,107.0,107.0,107.0
12-12-2019,95.0,107.0,3005.0,95.0,107.0,107.0
13-12-2019,107.0,107.0,0.0,107.0,107.0,107.0
16-12-2019,107.0,107.0,0.0,107.0,107.0,107.0
17-12-2019,107.0,107.0,0.0,107.0,107.0,107.0
18-12-2019,107.0,107.0,0.0,107.0,107.0,107.0
19-12-2019,107.0,107.0,0.0,107.0,107.0,107.0
20-12-2019,91.0,107.0,5279.0,94.0,104.5,104.5
23-12-2019,108.27999877929688,104.5,1841.0,108.27999877929688,104.5,104.5
24-12-2019,104.5,104.5,0.0,104.5,104.5,104.5
27-12-2019,104.5,104.5,0.0,104.5,104.5,104.5
30-12-2019,105.0,104.5,500.0,105.0,104.5,104.5
31-12-2019,104.5,104.5,0.0,104.5,104.5,104.5
02-01-2020,104.5,104.5,0.0,104.5,104.5,104.5
03-01-2020,104.5,104.5,0.0,104.5,104.5,104.5
06-01-2020,105.0,104.5,4750.0,105.0,104.5,104.5
07-01-2020,95.0999984741211,104.5,1000.0,95.0999984741211,104.5,104.5
08-01-2020,104.9000015258789,104.5,1041.0,104.9000015258789,104.5,104.5
09-01-2020,90.0,104.5,4541.0,95.0,100.0,100.0
10-01-2020,100.0,100.0,0.0,100.0,100.0,100.0
13-01-2020,85.0,100.0,40250.0,100.0,92.5,92.5
14-01-2020,86.0999984741211,92.5,997.0,86.0999984741211,92.5,92.5
15-01-2020,95.0,92.5,1044.0,95.0,92.5,92.5
16-01-2020,86.0,92.5,10000.0,86.0,90.0,90.0
17-01-2020,90.0,90.0,0.0,90.0,90.0,90.0
20-01-2020,76.0,90.0,3219.0,85.19999694824219,90.0,90.0
21-01-2020,89.9800033569336,90.0,53750.0,90.0,90.0,90.0
22-01-2020,90.0,90.0,0.0,90.0,90.0,90.0
23-01-2020,89.0,90.0,23735.0,89.5,90.0,90.0
24-01-2020,50.0,70.0,1700355.0,89.5,52.5,52.5
27-01-2020,51.11000061035156,52.5,13000.0,54.900001525878906,52.5,52.5
28-01-2020,51.150001525878906,52.5,155.0,51.150001525878906,52.5,52.5
29-01-2020,51.255001068115234,52.5,4000.0,51.255001068115234,52.5,52.5
30-01-2020,51.29999923706055,52.5,4000.0,51.29999923706055,52.5,52.5
31-01-2020,50.5099983215332,52.5,4453.0,50.5099983215332,52.5,52.5
03-02-2020,50.349998474121094,52.5,15000.0,50.5099983215332,52.5,52.5
04-02-2020,52.5,52.5,0.0,52.5,52.5,52.5
05-02-2020,50.0,52.5,4000.0,50.25,52.5,52.5
06-02-2020,50.0,52.5,4000.0,50.25,51.5,51.5
07-02-2020,47.0,50.5,4564.0,47.0,48.0,48.0
10-02-2020,48.0,48.0,0.0,48.0,48.0,48.0
11-02-2020,48.0,48.0,0.0,48.0,48.0,48.0
12-02-2020,48.0,48.0,0.0,48.0,48.0,48.0
13-02-2020,46.0,48.0,1500.0,46.0,48.0,48.0
14-02-2020,48.0,48.0,0.0,48.0,48.0,48.0
17-02-2020,48.0,48.0,0.0,48.0,48.0,48.0
18-02-2020,46.0,48.0,1700.0,46.0,47.5,47.5
19-02-2020,47.5,47.5,0.0,47.5,47.5,47.5
20-02-2020,47.5,47.5,0.0,47.5,47.5,47.5
21-02-2020,47.5,47.5,0.0,47.5,47.5,47.5
24-02-2020,46.0,47.5,68.0,46.0,47.5,47.5
25-02-2020,47.5,47.5,0.0,47.5,47.5,47.5
26-02-2020,47.5,47.5,0.0,47.5,47.5,47.5
27-02-2020,47.0,47.0,0.0,47.0,47.0,47.0
28-02-2020,46.17499923706055,46.5,415.0,46.17499923706055,46.5,46.5
02-03-2020,46.0,47.0,500.0,46.0,47.5,47.5
03-03-2020,37.04999923706055,47.5,11095.0,46.0,37.5,37.5
04-03-2020,37.75,37.5,15900.0,37.75,37.5,37.5
05-03-2020,37.5,37.5,0.0,37.5,37.5,37.5
06-03-2020,37.5,37.5,0.0,37.5,37.5,37.5
09-03-2020,37.0,37.0,0.0,37.0,37.0,37.0
10-03-2020,37.0,37.0,0.0,37.0,37.0,37.0
11-03-2020,37.0,37.0,0.0,37.0,37.0,37.0
12-03-2020,35.0,37.0,500.0,35.0,37.0,37.0
13-03-2020,37.0,37.0,5373.0,37.0,37.0,37.0
16-03-2020,37.0,37.0,0.0,37.0,37.0,37.0
17-03-2020,37.0,37.0,0.0,37.0,37.0,37.0
18-03-2020,37.0,37.0,0.0,37.0,37.0,37.0
19-03-2020,33.0,35.5,6823.0,36.0,33.5,33.5
20-03-2020,33.4900016784668,33.5,360000.0,33.5099983215332,33.5,33.5
23-03-2020,33.0,33.5,369418.0,35.25,34.5,34.5
24-03-2020,34.5,34.5,0.0,34.5,34.5,34.5
25-03-2020,35.0,34.5,20000.0,35.244998931884766,35.0,35.0
26-03-2020,30.0,35.0,11646.0,32.0,34.0,34.0
27-03-2020,22.0,34.0,458787.0,28.0,25.0,25.0
30-03-2020,22.0,25.0,145218.0,28.0,25.0,25.0
31-03-2020,22.0,25.0,168798.0,28.0,23.5,23.5
01-04-2020,22.0,23.5,1466.0,24.0,23.5,23.5
02-04-2020,23.5,23.5,0.0,23.5,23.5,23.5
03-04-2020,23.5,23.5,0.0,23.5,23.5,23.5
06-04-2020,22.0,23.5,1391.0,24.0,23.5,23.5
07-04-2020,22.0,23.5,221125.0,24.0,23.5,23.5
08-04-2020,9.869999885559082,23.5,16792.0,25.0,23.5,23.5
09-04-2020,24.0,23.5,167656.0,24.0,23.5,23.5
14-04-2020,22.5,23.5,73716.0,25.0,23.5,23.5
15-04-2020,23.5,23.5,0.0,23.5,23.5,23.5
16-04-2020,23.5,23.5,0.0,23.5,23.5,23.5
17-04-2020,20.0,23.5,13305.0,23.75,23.5,23.5
20-04-2020,23.700000762939453,23.5,46025.0,23.700000762939453,23.5,23.5
21-04-2020,22.0,23.5,2080.0,22.0,23.5,23.5
22-04-2020,23.674999237060547,23.5,528.0,23.674999237060547,23.5,23.5
23-04-2020,23.5,23.5,28685.0,25.0,23.5,23.5
24-04-2020,23.5,23.5,0.0,23.5,23.5,23.5
27-04-2020,23.649999618530273,23.5,422.0,23.649999618530273,23.5,23.5
28-04-2020,22.149999618530273,23.5,4569.0,22.149999618530273,23.5,23.5
29-04-2020,20.0,23.5,12556.0,23.649999618530273,23.5,23.5
30-04-2020,23.5,23.5,0.0,23.5,23.5,23.5
01-05-2020,23.5,23.5,761.0,23.5,23.5,23.5
04-05-2020,23.440000534057617,23.5,191.0,23.440000534057617,23.5,23.5
05-05-2020,23.5,23.5,0.0,23.5,23.5,23.5
06-05-2020,22.0,23.5,1000.0,22.0,23.0,23.0
07-05-2020,23.0,23.0,0.0,23.0,23.0,23.0
11-05-2020,22.5,23.0,4519.0,22.5,23.0,23.0
12-05-2020,22.0,23.0,264.0,22.385000228881836,23.0,23.0
13-05-2020,23.0,23.0,0.0,23.0,23.0,23.0
14-05-2020,22.299999237060547,23.0,98394.0,22.5,23.0,23.0
15-05-2020,22.350000381469727,23.0,4474.0,22.350000381469727,23.0,23.0
18-05-2020,23.0,23.0,0.0,23.0,23.0,23.0
19-05-2020,23.0,23.0,0.0,23.0,23.0,23.0
20-05-2020,23.0,23.0,0.0,23.0,23.0,23.0
21-05-2020,22.5,23.0,1751.0,22.5,23.0,23.0
22-05-2020,22.5,23.0,5344.0,22.5,23.0,23.0
26-05-2020,22.5,23.0,94391.0,22.5,23.0,23.0
27-05-2020,22.0,23.0,5134.0,22.0,23.0,23.0
28-05-2020,22.5,23.0,100000.0,22.5,23.0,23.0
29-05-2020,22.450000762939453,23.0,1670.0,22.450000762939453,23.0,23.0
01-06-2020,22.5,23.0,142195.0,22.5,23.0,23.0
02-06-2020,22.450000762939453,23.0,78536.0,23.0,23.0,23.0
03-06-2020,23.0,23.0,17565.0,23.0,23.0,23.0
04-06-2020,22.100000381469727,23.0,37715.0,23.0,23.0,23.0
05-06-2020,22.8799991607666,23.0,21767.0,24.0,23.5,23.5
08-06-2020,24.0,23.5,2063489.0,49.75,31.5,31.5
09-06-2020,28.0,33.0,608504.0,40.0,37.5,37.5
10-06-2020,34.150001525878906,35.5,199757.0,46.0,43.5,43.5
11-06-2020,35.099998474121094,43.5,179429.0,41.75,39.5,39.5
12-06-2020,37.75,39.5,133896.0,42.0,39.5,39.5
15-06-2020,37.0,37.5099983215332,262369.0,42.0,39.5,39.5
16-06-2020,36.0099983215332,39.5,126872.0,41.70000076293945,36.5,36.5
17-06-2020,32.0,36.5,127810.0,38.0,36.5,36.5
18-06-2020,39.0,38.5,314933.0,54.75,52.5,52.5
19-06-2020,50.555999755859375,52.5,271591.0,73.0,63.5,63.5
22-06-2020,60.0,63.5,147830.0,74.0,71.5,71.5
23-06-2020,58.0,70.5,103733.0,72.30000305175781,59.0,59.0
24-06-2020,56.5099983215332,59.0,13365.0,61.9900016784668,58.5,58.5
25-06-2020,55.599998474121094,58.5,49544.0,61.25,57.5,57.5
26-06-2020,55.70000076293945,57.5,79032.0,59.900001525878906,57.5,57.5
29-06-2020,56.650001525878906,57.5,966.0,59.9900016784668,57.5,57.5
30-06-2020,59.9900016784668,57.5,568.0,59.9900016784668,56.0,56.0
01-07-2020,56.67499923706055,56.0,4599.0,56.709999084472656,56.0,56.0
02-07-2020,55.560001373291016,56.0,6641.0,56.709999084472656,56.0,56.0
03-07-2020,56.893001556396484,56.0,45391.0,60.0,57.5,57.5
06-07-2020,57.70000076293945,57.5,44275.0,60.0,58.5,58.5
07-07-2020,60.0,58.5,220997.0,79.25,75.5,75.5
08-07-2020,75.56999969482422,75.5,42977.0,81.44999694824219,76.5,76.5
09-07-2020,73.0,76.5,74012.0,91.5,90.0,90.0
10-07-2020,86.0,90.0,1345419.0,96.30000305175781,87.5,87.5
13-07-2020,82.0,87.5,17003.0,86.0,85.0,85.0
14-07-2020,80.0,84.0,3456.0,85.25,83.5,83.5
15-07-2020,80.0,83.5,15255.0,87.0,81.5,81.5
16-07-2020,71.19300079345703,81.5,24801.0,79.0,72.5,72.5
17-07-2020,70.0,72.5,38083.0,74.0,72.0,72.0
20-07-2020,66.25,72.0,53550.0,73.0,66.5,66.5
21-07-2020,65.12000274658203,66.5,11456.0,66.35099792480469,65.0,65.0
22-07-2020,67.94000244140625,65.0,34336.0,81.0,77.5,77.5
23-07-2020,75.08000183105469,77.5,24101.0,83.69999694824219,77.5,77.5
24-07-2020,75.0,77.5,62572.0,78.9000015258789,77.5,77.5
27-07-2020,68.1500015258789,77.5,20876.0,78.0,74.0,74.0
28-07-2020,74.0,74.0,37825.0,74.0,74.0,74.0
29-07-2020,71.11000061035156,74.0,19040.0,75.5,74.0,74.0
30-07-2020,75.5,75.5,0.0,75.5,75.5,75.5
31-07-2020,73.1500015258789,75.5,59281.0,86.93000030517578,86.5,86.5
03-08-2020,83.0,86.5,58937.0,89.36000061035156,85.5,85.5
04-08-2020,83.05000305175781,85.5,1604.0,86.4000015258789,84.5,84.5
05-08-2020,83.02999877929688,84.5,700.0,84.80000305175781,84.5,84.5
06-08-2020,78.0,84.5,47377.0,83.02999877929688,81.5,81.5
07-08-2020,78.55000305175781,81.5,14721.0,81.1500015258789,80.0,80.0
10-08-2020,78.0,80.0,71339.0,81.9000015258789,80.5,80.5
11-08-2020,92.0,95.0,84662.0,108.0,95.0,95.0
12-08-2020,83.55000305175781,95.0,28167.0,94.0,85.0,85.0
13-08-2020,81.0999984741211,85.0,13356.0,88.0,84.0,84.0
14-08-2020,78.20999908447266,84.0,29009.0,83.0,81.5,81.5
17-08-2020,78.0,81.5,52126.0,88.0,85.0,85.0
18-08-2020,85.0,85.0,2397.0,90.0,86.0,86.0
19-08-2020,85.0,87.0,36854.0,92.0,88.0,88.0
20-08-2020,86.0,88.0,48502.0,91.9000015258789,87.0,87.0
21-08-2020,86.11100006103516,87.0,58108.0,99.0,93.5,93.5
24-08-2020,86.11100006103516,93.5,33988.0,100.0,96.0,96.0
25-08-2020,96.0,96.0,3100.0,97.9000015258789,96.0,96.0
26-08-2020,94.0,96.0,539.0,94.0,96.0,96.0
27-08-2020,94.0,96.0,99522.0,107.0,105.0,105.0
28-08-2020,101.0,105.0,74541.0,110.0,109.0,109.0
01-09-2020,104.51100158691406,109.0,56060.0,116.0,110.0,110.0
02-09-2020,109.5,110.0,1651.0,115.0,110.0,110.0
03-09-2020,109.61000061035156,110.0,2350.0,110.0,110.0,110.0
04-09-2020,109.61000061035156,110.0,400.0,109.61000061035156,110.0,110.0
07-09-2020,103.06999969482422,110.0,63433.0,110.0,106.5,106.5
08-09-2020,106.5,106.5,0.0,106.5,106.5,106.5
09-09-2020,103.3499984741211,106.5,10429.0,108.44999694824219,106.5,106.5
10-09-2020,100.11000061035156,106.5,5614.0,108.36000061035156,105.0,105.0
11-09-2020,99.0,105.0,27975.0,108.0,103.0,103.0
14-09-2020,107.0,103.0,934.0,107.0,103.0,103.0
15-09-2020,97.25,103.0,13782.0,97.4000015258789,100.0,100.0
16-09-2020,95.0,100.0,14333.0,99.0,97.5,97.5
17-09-2020,87.0,96.5,23555.0,95.0,92.0,92.0
18-09-2020,88.5510025024414,92.0,32.0,88.5510025024414,92.0,92.0
21-09-2020,88.0,92.0,347.0,88.0,92.0,92.0
22-09-2020,88.0,92.0,27085.0,95.5,90.0,90.0
23-09-2020,93.0,90.0,3456.0,93.0,90.0,90.0
24-09-2020,88.5510025024414,90.0,5222.0,94.9000015258789,90.0,90.0
25-09-2020,94.9000015258789,90.0,9253.0,100.0,98.5,98.5
28-09-2020,100.0,100.0,0.0,100.0,100.0,100.0
29-09-2020,95.0999984741211,100.0,10245.0,105.0,100.0,100.0
30-09-2020,95.12100219726562,100.0,6529.0,105.0,105.0,105.0
01-10-2020,112.0,112.5,22230.0,118.0,112.5,112.5
02-10-2020,105.1500015258789,112.5,17650.0,114.48999786376953,110.0,110.0
05-10-2020,105.0,110.0,5003.0,105.0,107.5,107.5
06-10-2020,108.5,107.5,914.0,108.5,107.5,107.5
07-10-2020,93.0,107.5,62329.0,113.0,97.5,97.5
08-10-2020,92.0999984741211,97.5,77765.0,102.30000305175781,97.5,97.5
09-10-2020,92.5,97.5,45492.0,97.5,97.5,97.5
12-10-2020,97.5,97.5,0.0,97.5,97.5,97.5
13-10-2020,95.0999984741211,100.0,19635.0,101.75,100.0,100.0
14-10-2020,99.0,100.0,8600.0,99.5,100.0,100.0
15-10-2020,96.0,100.0,4639.0,99.5,100.0,100.0
16-10-2020,95.0,100.0,1066.0,95.0,100.0,100.0
19-10-2020,95.0,100.0,181.0,95.0,100.0,100.0
20-10-2020,100.0,100.0,0.0,100.0,100.0,100.0
21-10-2020,100.0,100.0,0.0,100.0,100.0,100.0
22-10-2020,100.0,100.0,0.0,100.0,100.0,100.0
23-10-2020,100.0,100.0,0.0,100.0,100.0,100.0
26-10-2020,95.0,100.0,20171.0,98.5,100.0,100.0
27-10-2020,100.0,100.0,0.0,100.0,100.0,100.0
28-10-2020,98.19999694824219,100.0,2100.0,98.19999694824219,100.0,100.0
29-10-2020,98.19999694824219,100.0,5000.0,98.19999694824219,100.0,100.0
30-10-2020,97.0,97.5,5000.0,97.0,97.5,97.5
02-11-2020,97.5,97.5,0.0,97.5,97.5,97.5
03-11-2020,91.0999984741211,97.5,5489.0,91.0999984741211,92.5,92.5
04-11-2020,92.5,92.5,0.0,92.5,92.5,92.5
05-11-2020,92.5,92.5,0.0,92.5,92.5,92.5
06-11-2020,92.5,92.5,0.0,92.5,92.5,92.5
09-11-2020,90.0,92.5,1000.0,90.0,92.5,92.5
10-11-2020,85.0,92.5,83808.0,92.5,92.5,92.5
11-11-2020,85.0,90.0,40832.0,90.0,90.0,90.0
12-11-2020,75.0,90.0,43573.0,81.5,77.5,77.5
13-11-2020,72.0,77.5,47869.0,84.44999694824219,85.0,85.0
16-11-2020,80.5510025024414,85.0,5000.0,80.5510025024414,85.0,85.0
17-11-2020,80.0999984741211,85.0,21006.0,84.19999694824219,85.0,85.0
18-11-2020,81.0999984741211,85.0,10000.0,81.0999984741211,85.0,85.0
19-11-2020,81.15499877929688,85.0,5000.0,81.15499877929688,85.0,85.0
20-11-2020,81.15499877929688,85.0,61500.0,84.0,82.5,82.5
23-11-2020,75.4000015258789,82.5,57684.0,81.16600036621094,77.5,77.5
24-11-2020,75.25,79.0,41732.0,79.0,77.5,77.5
25-11-2020,72.27799987792969,77.5,4384.0,75.25,75.0,75.0
26-11-2020,81.55000305175781,82.5,581467.0,94.5999984741211,91.0,91.0
27-11-2020,88.98999786376953,91.0,370389.0,92.25,90.0,90.0
30-11-2020,90.0,90.0,8852.0,90.19999694824219,90.0,90.0
01-12-2020,85.0,90.0,232041.0,90.0999984741211,90.0,90.0
